date,status,halt_et,reopen_et,source_url,source_title,notes
2006-01-02,closed,,18:00,https://web.archive.org/web/20041120171411/http://www.cme.com:80/trading/res/cch/2006_new_years834.html,CME Globex New Year 2006 holiday trading hours (cme.com/trading/res/cch),HTML page on cme.com (Wayback). New Year's Day Observed Monday Jan 2 2006: closed; Globex remains closed until 5:00 p.m. CT Monday Jan 2. Snapshot is from 2004-11 (page published ahead of the date; no later capture found).
2006-01-16,early_halt,11:30,,https://web.archive.org/web/20060127011650/http://www.cme.com:80/about/press/cn/06-04MartinLutherKing17010.html,CME press release 06-04 MLK Day 2006 trading hours,"CME press release (HTML). Equity indexes close at 10:30 a.m. CT; regular open time for the next trade date not stated, reopen left blank."
2006-02-20,early_halt,11:30,18:00,https://web.archive.org/web/20060206071350/http://www.cme.com:80/about/press/cn/06-15PresidentsDaySchedule17199.html,CME press release 06-15 Presidents Day 2006 schedule,CME press release (HTML). Globex halts equity trading at 10:30 a.m. and resumes at 5:00 p.m. CT.
2006-04-14,closed,,2006-04-16 18:00,https://web.archive.org/web/20060414133734/http://www.cme.com:80/about/press/cn/06-58GoodFridaySchedule18114.html,CME press release 06-58 Good Friday 2006 schedule,CME press release (HTML). Globex closed Good Friday; opens at its regular Sunday time 5:00 p.m. CT on April 16.
2006-05-29,early_halt,11:30,18:00,https://web.archive.org/web/20060618020158/http://www.cme.com:80/about/press/cn/06-70MemorialDayHours200618693.html,CME press release 06-70 Memorial Day 2006 hours,CME press release (HTML). Equity trading break 10:30 a.m. to 5:00 p.m. CT. cch_2006memorial_day802 agrees.
2006-07-03,early_halt,13:15,,https://web.archive.org/web/20060704233023/http://www.cme.com:80/about/press/cn/06-88IndependenceDayhours200619026.html,CME press release 06-88 Independence Day 2006 hours,"CME press release (HTML): equity indexes close 12:15 p.m. CT Monday July 3. DISAGREES with the older cme.com page cch_2006independence_day828, which says ""Regular Close"" for equity on July 3. The release is later and event-specific, so it is used. Reopen not stated."
2006-07-04,early_halt,11:30,,https://web.archive.org/web/20060704233023/http://www.cme.com:80/about/press/cn/06-88IndependenceDayhours200619026.html,CME press release 06-88 Independence Day 2006 hours,"CME press release (HTML). Equity indexes close 10:30 a.m. CT July 4; regular open for trade date July 5, time not stated, reopen left blank."
2006-09-04,early_halt,11:30,18:00,https://web.archive.org/web/20060901014902/http://www.cme.com:80/about/press/cn/06-115LaborDayHours200619598.html,CME press release 06-115 Labor Day 2006 hours,CME press release (HTML). Equity break 10:30 a.m. to 5:00 p.m. CT. cch_2006labor_day829 agrees.
2006-11-23,early_halt,11:30,18:00,https://web.archive.org/web/20061118073837/http://www.cme.com:80/files/CMEGlobexHolidaySchedule.pdf,CME Globex Thanksgiving Holiday Schedule 2006 (PDF),PDF (pdftotext). CME Equity Products: 1030 CT Globex trading halt; 1700 CT halted products resume.
2006-11-24,early_halt,13:15,,https://web.archive.org/web/20061118073837/http://www.cme.com:80/files/CMEGlobexHolidaySchedule.pdf,CME Globex Thanksgiving Holiday Schedule 2006 (PDF),PDF (pdftotext). 1215 CT early CME Globex close for trade date Friday Nov 24. Reopen (Sunday) not stated.
2006-12-25,closed,,18:00,https://web.archive.org/web/20051213014307/http://www.cme.com:80/trading/res/cch/2006christmas5487.html,CME Globex Christmas 2006 holiday trading hours (cme.com/trading/res/cch),HTML page on cme.com (Wayback). Globex remains closed until 5:00 p.m. Monday Dec 25 (trade date Dec 26). Snapshot is from 2005-12 (published ahead of the date).
2007-01-01,closed,,2007-01-02 06:00,https://web.archive.org/web/20070818094250/http://www.cme.com:80/trading/res/te/2007newyears.html,CME Globex New Year 2007 holiday trading hours (cme.com/trading/res/te),HTML page on cme.com (Wayback). Jan 1 2007 closed. CME Globex opens 5:00 a.m. CT for all CME products on Jan 2 (NYMEX/COMEX open 5:00 p.m. Jan 1; equity is a CME product).
2007-01-02,closed,,,https://web.archive.org/web/20260610093503/https://investor.cmegroup.com/news-releases/news-release-details/cme-announces-market-hours-operation-honor-national-day-mourning,CME press release: Market Hours of Operation in Honor of National Day of Mourning for President Gerald R. Ford (2006-12-29),"CME press release (PRNewswire text, on investor.cmegroup.com; the Wayback capture is from 2026). ""closing all Commodity and Equity Index markets on Tuesday, January 2, 2007""; all CME Globex products ""reopen at their regularly scheduled time Tuesday, January 2 for a trade date of Wednesday, January 3"". The clock time is not stated, so reopen_et is blank. Note the 2007-01-01 row is a separate New Year closure."
2007-01-15,early_halt,11:30,18:00,https://web.archive.org/web/20070513042339/http://www.cme.com:80/trading/res/te/2007_mlkday.html,CME Globex MLK Day 2007 holiday trading hours,HTML page on cme.com (Wayback). CME Equity Indexes halt 10:30 a.m. CT; Globex resumes 5:00 p.m. CT.
2007-02-19,early_halt,11:30,18:00,https://web.archive.org/web/20070601191446/http://www.cme.com:80/trading/res/te/2007presidents_day.html,CME Globex Presidents Day 2007 holiday trading hours,HTML page on cme.com (Wayback). Equity halt 10:30 a.m. CT; Globex resumes 5:00 p.m. CT.
2007-04-06,early_halt,09:15,,https://web.archive.org/web/20070505060141/http://www.cme.com:80/trading/res/te/2007good_friday.html,CME Globex Good Friday 2007 holiday trading hours,"HTML page on cme.com (Wayback). CME Equity Indexes close 8:15 a.m. CT on Good Friday (NFP day). Sunday April 8 reopen time not stated, left blank."
2007-05-28,early_halt,11:30,18:00,https://web.archive.org/web/20070502030523/http://www.cme.com:80/trading/res/te/2007memorial_day.html,CME Globex Memorial Day 2007 holiday trading hours,HTML page on cme.com (Wayback). Equity halt 10:30 a.m. CT; Globex resumes 5:00 p.m. CT.
2007-07-03,early_halt,13:15,,https://web.archive.org/web/20070824233905/http://www.cme.com:80/trading/res/te/2007independence_day.html,CME Globex Independence Day 2007 holiday trading hours,HTML page on cme.com (Wayback). Close at 12:15 CT (CME Equity Indexes) on July 3; CME notice S-4586 (ext_20070618S-4586.pdf) is also in the scratch area. Reopen not stated.
2007-07-04,early_halt,11:30,18:00,https://web.archive.org/web/20070824233905/http://www.cme.com:80/trading/res/te/2007independence_day.html,CME Globex Independence Day 2007 holiday trading hours,HTML page on cme.com (Wayback). Equity halt 10:30 a.m. CT; Globex resumes 5:00 p.m. CT.
2007-09-03,early_halt,11:30,18:00,https://web.archive.org/web/20070503051152/http://www.cme.com:80/trading/res/te/2007labor_day.html,CME Globex Labor Day 2007 holiday trading hours,HTML page on cme.com (Wayback). Equity halt 10:30 a.m. CT; Globex resumes 5:00 p.m. CT.
2007-11-22,early_halt,11:30,18:00,https://web.archive.org/web/20071103231730/http://cme.com:80/trading/res/te/2007thanksgiving.html,CME Globex Thanksgiving 2007 holiday trading hours,HTML page on cme.com (Wayback). Equity halt 10:30 a.m. CT; Globex resumes 5:00 p.m. CT.
2007-11-23,early_halt,13:15,,https://web.archive.org/web/20071103231730/http://cme.com:80/trading/res/te/2007thanksgiving.html,CME Globex Thanksgiving 2007 holiday trading hours,HTML page on cme.com (Wayback). Close at 12:15 p.m. CT (CME Equity Indexes) Friday Nov 23. Reopen (Sunday) not stated.
2007-12-24,early_halt,13:15,2007-12-26 06:00,https://web.archive.org/web/20071103231750/http://cme.com:80/trading/res/te/christmas_2007.html,CME Globex Christmas 2007 holiday trading hours,"HTML page on cme.com (Wayback). Equity indexes close 12:15 p.m. CT. AMBIGUOUS: the page says Globex remains closed until 5:00 p.m. Tuesday Dec 25, but the Dec 25 detail says only NYMEX/COMEX open then and all CME products open 5:00 a.m. Wed Dec 26; the Dec 26 time is used."
2007-12-25,closed,,2007-12-26 06:00,https://web.archive.org/web/20071103231750/http://cme.com:80/trading/res/te/christmas_2007.html,CME Globex Christmas 2007 holiday trading hours,HTML page on cme.com (Wayback). Christmas Day closed; CME products (incl. equity) open 5:00 a.m. CT Dec 26; NYMEX/COMEX open 5:00 p.m. Dec 25 (see ambiguity on the 12-24 row).
2008-01-01,closed,,2008-01-02 06:00,https://web.archive.org/web/20070818233634/http://www.cme.com:80/trading/res/te/2008newyears.html,CME Globex New Year 2008 holiday trading hours,HTML page on cme.com (Wayback). Jan 1 2008 closed; CME Globex opens 5:00 a.m. CT Jan 2 for all CME products. The tentative 2008 calendar (ext_2008GLXholidayweb.pdf) agrees.
2008-01-21,early_halt,11:30,,https://web.archive.org/web/20081006201725/http://www.cme.com/trading/files/2008GLXholidayweb.pdf,CME Globex 2008 holiday schedule (tentative PDF),"Tentative 2008 CME Globex holiday schedule PDF (ext_2008GLXholidayweb.pdf, pdftotext), WEAK: marked tentative, no per-holiday notice found. Equity Indexes halt at 10:30 a.m. CT; regular open time not stated."
2008-02-18,early_halt,11:30,,https://web.archive.org/web/20081006201725/http://www.cme.com/trading/files/2008GLXholidayweb.pdf,CME Globex 2008 holiday schedule (tentative PDF),"Tentative 2008 CME Globex holiday schedule PDF (ext_2008GLXholidayweb.pdf, pdftotext), WEAK: marked tentative, no per-holiday notice found. Equity Indexes halt at 10:30 a.m. CT; regular open time not stated."
2008-03-21,closed,,2008-03-23 18:00,https://web.archive.org/web/20081006201725/http://www.cme.com/trading/files/2008GLXholidayweb.pdf,CME Globex 2008 holiday schedule (tentative PDF),"Tentative 2008 CME Globex holiday schedule PDF (ext_2008GLXholidayweb.pdf, pdftotext), WEAK: marked tentative, no per-holiday notice found. Good Friday closed until 5:00 p.m. CT Sunday March 23."
2008-05-26,early_halt,11:30,,https://web.archive.org/web/20081006201725/http://www.cme.com/trading/files/2008GLXholidayweb.pdf,CME Globex 2008 holiday schedule (tentative PDF),"Tentative 2008 CME Globex holiday schedule PDF (ext_2008GLXholidayweb.pdf, pdftotext), WEAK: marked tentative, no per-holiday notice found. Equity Indexes halt at 10:30 a.m. CT; regular open time not stated."
2008-07-03,early_halt,13:15,,https://web.archive.org/web/20081006201725/http://www.cme.com/trading/files/2008GLXholidayweb.pdf,CME Globex 2008 holiday schedule (tentative PDF),"Tentative 2008 CME Globex holiday schedule PDF (ext_2008GLXholidayweb.pdf, pdftotext), WEAK: marked tentative, no per-holiday notice found. Equity Indexes and ETFs close 12:15 p.m. CT; reopen not stated."
2008-07-04,early_halt,11:30,,https://web.archive.org/web/20081006201725/http://www.cme.com/trading/files/2008GLXholidayweb.pdf,CME Globex 2008 holiday schedule (tentative PDF),"Tentative 2008 CME Globex holiday schedule PDF (ext_2008GLXholidayweb.pdf, pdftotext), WEAK: marked tentative, no per-holiday notice found. Equity Indexes close 10:30 a.m. CT Friday July 4; Sunday July 6 regular open (time not stated)."
2008-09-01,early_halt,11:30,18:00,https://web.archive.org/web/20080829195016/http://www.cmegroup.com/globex/files/CMEGlobex2008HolidaySchedule.pdf,CME Globex Labor Day 2008 Holiday Schedule (PDF),"PDF (pdftotext): 1030 CT trading halt, 1700 CT halted products resume."
2008-11-27,early_halt,11:30,,https://web.archive.org/web/20081006201725/http://www.cme.com/trading/files/2008GLXholidayweb.pdf,CME Globex 2008 holiday schedule (tentative PDF),"Tentative 2008 CME Globex holiday schedule PDF (ext_2008GLXholidayweb.pdf, pdftotext), WEAK: marked tentative, no per-holiday notice found. Equity Indexes halt 10:30 a.m. CT on Thanksgiving; confirmed by ext_CMEGlobex2008HolidaySchedule.pdf (10:30 a.m. 11-27). Reopen not stated."
2008-11-28,early_halt,13:15,,https://web.archive.org/web/20080829195016/http://www.cmegroup.com/globex/files/CMEGlobex2008HolidaySchedule.pdf,CME Globex 2008 Holiday Schedule (PDF),PDF (pdftotext): Equity Indexes close 12:15 p.m. CT on Nov 28. Reopen not stated.
2008-12-24,early_halt,13:15,2008-12-26 06:00,https://web.archive.org/web/20080829195016/http://www.cmegroup.com/globex/files/CMEGlobex2008HolidaySchedule.pdf,CME Globex 2008 Holiday Schedule (PDF),"PDF (pdftotext): Equity Indexes, ETFs and Real Estate close 12:15 p.m. CT; closed until 5:00 a.m. Fri Dec 26."
2008-12-25,closed,,2008-12-26 06:00,https://web.archive.org/web/20080829195016/http://www.cmegroup.com/globex/files/CMEGlobex2008HolidaySchedule.pdf,CME Globex 2008 Holiday Schedule (PDF),PDF (pdftotext): Christmas Day closed; open 5:00 a.m. CT Fri Dec 26.
2009-01-01,closed,,2009-01-02 06:00,https://web.archive.org/web/20090419033103/http://www.cmegroup.com:80/tools-information/holiday-calendar/files/2009-globex-holiday-calendar.pdf,CME Globex holiday trading hours: 2009-globex-holiday-calendar.pdf,"Annual Globex holiday calendar PDF (not a per-holiday notice). PDF (pdftotext -layout), Equity Products section; CT converted +1h. Raw: CLOSED CT | CME Globex is closed"
2009-01-19,early_halt,11:30,18:00,https://web.archive.org/web/20090126144353/http://cmegroup.com:80/tools-information/holiday-calendar/files/2009-martin-luther-king.pdf,CME Globex holiday trading hours: 2009-martin-luther-king.pdf,"PDF (pdftotext -layout), Equity Products section; CT converted +1h. Raw: HALT 1030CT | 1030 CT - Trading halt Also in: 2009-globex-holiday-calendar.pdf (agrees)"
2009-02-16,early_halt,11:30,18:00,https://web.archive.org/web/20090206002053/http://cmegroup.com:80/tools-information/holiday-calendar/files/2009-presidents-day.pdf,CME Globex holiday trading hours: 2009-presidents-day.pdf,"PDF (pdftotext -layout), Equity Products section; CT converted +1h. Raw: HALT 1030CT | 1030 CT - Trading halt Also in: 2009-globex-holiday-calendar.pdf (agrees)"
2009-04-10,closed,,2009-04-12 18:00,https://web.archive.org/web/20090419033107/http://www.cmegroup.com:80/tools-information/holiday-calendar/files/2009-good-friday.pdf,CME Globex holiday trading hours: 2009-good-friday.pdf,"PDF (pdftotext -layout), Equity Products section; CT converted +1h. Raw: CLOSED CT | CME Globex is closed Also in: 2009-globex-holiday-calendar.pdf (agrees)"
2009-05-25,early_halt,11:30,18:00,https://web.archive.org/web/20090611163557/http://www.cmegroup.com:80/tools-information/holiday-calendar/files/2009-memorial-day.pdf,CME Globex holiday trading hours: 2009-memorial-day.pdf,"PDF (pdftotext -layout), Equity Products section; CT converted +1h. Raw: HALT 1030CT | 1030 CT - Trading halt Also in: 2009-globex-holiday-calendar.pdf (agrees)"
2009-07-03,early_halt,11:30,2009-07-05 18:00,https://web.archive.org/web/20090612061133/http://www.cmegroup.com:80/tools-information/holiday-calendar/files/2009-4th-of-july.pdf,CME Globex holiday trading hours: 2009-4th-of-july.pdf,"PDF (pdftotext -layout), Equity Products section; CT converted +1h. Raw: HALT 1030CT | 1030 CT - CME Globex close Also in: 2009-globex-holiday-calendar.pdf (agrees)"
2009-09-07,early_halt,11:30,18:00,https://web.archive.org/web/20091007030433/http://www.cmegroup.com:80/tools-information/holiday-calendar/files/2009-labor-day.pdf,CME Globex holiday trading hours: 2009-labor-day.pdf,"PDF (pdftotext -layout), Equity Products section; CT converted +1h. Raw: HALT 1030CT | 1030 CT - Trading halt Also in: 2009-globex-holiday-calendar.pdf (agrees)"
2009-11-26,early_halt,11:30,18:00,https://web.archive.org/web/20091007101616/http://www.cmegroup.com:80/tools-information/holiday-calendar/files/2009-thanksgiving.pdf,CME Globex holiday trading hours: 2009-thanksgiving.pdf,"PDF (pdftotext -layout), Equity Products section; CT converted +1h. Raw: HALT 1030CT | 1030 CT - CME Globex trading halt Also in: 2009-globex-holiday-calendar.pdf (agrees)"
2009-11-27,early_halt,13:15,,https://web.archive.org/web/20091007101616/http://www.cmegroup.com:80/tools-information/holiday-calendar/files/2009-thanksgiving.pdf,CME Globex holiday trading hours: 2009-thanksgiving.pdf,"PDF (pdftotext -layout), Equity Products section; CT converted +1h. Raw: EARLY 1215CT | 1215 CT - Early CME Globex close for trade date Friday, Nov 27 Also in: 2009-globex-holiday-calendar.pdf (agrees)"
2009-12-24,early_halt,13:15,,https://web.archive.org/web/20100215055401/http://www.cmegroup.com:80/tools-information/holiday-calendar/files/2009-christmas.pdf,CME Globex holiday trading hours: 2009-christmas.pdf,"PDF (pdftotext -layout), Equity Products section; CT converted +1h. Raw: EARLY 1215CT | 1215 CT - Early CME Globex close for trade date Thursday, Dec 24 Also in: 2009-globex-holiday-calendar.pdf (agrees)"
2009-12-25,closed,,2009-12-27 18:00,https://web.archive.org/web/20100215055401/http://www.cmegroup.com:80/tools-information/holiday-calendar/files/2009-christmas.pdf,CME Globex holiday trading hours: 2009-christmas.pdf,"PDF (pdftotext -layout), Equity Products section; CT converted +1h. Raw: CLOSED CT | CME Globex is closed Also in: 2009-globex-holiday-calendar.pdf (agrees)"
2010-01-01,closed,,2010-01-03 18:00,https://web.archive.org/web/20100215051652/http://www.cmegroup.com:80/tools-information/holiday-calendar/files/2010-new-years.pdf,CME Globex holiday trading hours: 2010-new-years.pdf,"PDF (pdftotext -layout), Equity Products section; CT converted +1h. Raw: CLOSED CT | CME Globex is closed Also in: 2009-globex-holiday-calendar.pdf, 2010-globex-holiday-calendar.pdf (agrees)"
2010-01-18,early_halt,11:30,18:00,https://web.archive.org/web/20100215061802/http://www.cmegroup.com:80/tools-information/holiday-calendar/files/2010-globex-holiday-calendar.pdf,CME Globex holiday trading hours: 2010-globex-holiday-calendar.pdf,"Annual Globex holiday calendar PDF (not a per-holiday notice). PDF (pdftotext -layout), Equity Products section; CT converted +1h. Raw: HALT 1030CT | 1030 CT - Trading halt"
2010-02-15,early_halt,11:30,18:00,https://web.archive.org/web/20100215064641/http://www.cmegroup.com:80/tools-information/holiday-calendar/files/2010-presidents-day.pdf,CME Globex holiday trading hours: 2010-presidents-day.pdf,"PDF (pdftotext -layout), Equity Products section; CT converted +1h. Raw: HALT 1030CT | 1030 CT - Trading halt Also in: 2010-globex-holiday-calendar.pdf (agrees)"
2010-04-02,early_halt,09:15,2010-04-04 18:00,https://web.archive.org/web/20100601111916/http://www.cmegroup.com:80/tools-information/holiday-calendar/files/2010-good-friday.pdf,CME Globex holiday trading hours: 2010-good-friday.pdf,"PDF (pdftotext -layout), Equity Products section; CT converted +1h. Raw: EARLY 0815CT | 0815 CT - Early CME Globex close for trade date Friday Apr 2 Also in: 2010-globex-holiday-calendar.pdf (agrees)"
2010-05-31,early_halt,11:30,18:00,https://web.archive.org/web/20100601094225/http://www.cmegroup.com:80/tools-information/holiday-calendar/files/2010-memorial-day.pdf,CME Globex holiday trading hours: 2010-memorial-day.pdf,"PDF (pdftotext -layout), Equity Products section; CT converted +1h. Raw: HALT 1030CT | 1030 CT - Trading halt Also in: 2010-globex-holiday-calendar.pdf (agrees)"
2010-07-05,early_halt,11:30,18:00,https://web.archive.org/web/20100602005637/http://www.cmegroup.com:80/tools-information/holiday-calendar/files/2010-4th-of-july.pdf,CME Globex holiday trading hours: 2010-4th-of-july.pdf,"PDF (pdftotext -layout), Equity Products section; CT converted +1h. Raw: HALT 1030CT | 1030 CT - Trading halt Also in: 2010-globex-holiday-calendar.pdf (agrees)"
2010-09-06,early_halt,11:30,18:00,https://web.archive.org/web/20100215061802/http://www.cmegroup.com:80/tools-information/holiday-calendar/files/2010-globex-holiday-calendar.pdf,CME Globex holiday trading hours: 2010-globex-holiday-calendar.pdf,"Annual Globex holiday calendar PDF (not a per-holiday notice). PDF (pdftotext -layout), Equity Products section; CT converted +1h. Raw: HALT 1030CT | 1030 CT - Trading halt"
2010-11-25,early_halt,11:30,18:00,https://web.archive.org/web/20101122094012/http://www.cmegroup.com:80/tools-information/holiday-calendar/files/2010-thanksgiving.pdf,CME Globex holiday trading hours: 2010-thanksgiving.pdf,"PDF (pdftotext -layout), Equity Products section; CT converted +1h. Raw: HALT 1030CT | 1030 CT - CME Globex trading halt Also in: 2010-globex-holiday-calendar.pdf (agrees)"
2010-11-26,early_halt,13:15,,https://web.archive.org/web/20101122094012/http://www.cmegroup.com:80/tools-information/holiday-calendar/files/2010-thanksgiving.pdf,CME Globex holiday trading hours: 2010-thanksgiving.pdf,"PDF (pdftotext -layout), Equity Products section; CT converted +1h. Raw: EARLY 1215CT | 1215 CT - Early CME Globex close for trade date Friday, Nov 26 Also in: 2010-globex-holiday-calendar.pdf (agrees)"
2010-12-24,closed,,2010-12-26 18:00,https://web.archive.org/web/20101214061238/http://www.cmegroup.com:80/tools-information/holiday-calendar/files/2010-christmas.pdf,CME Globex holiday trading hours: 2010-christmas.pdf,"PDF (pdftotext -layout), Equity Products section; CT converted +1h. Raw: CLOSED CT | CME Globex is closed Also in: 2010-globex-holiday-calendar.pdf (agrees)"
2011-01-17,early_halt,11:30,18:00,https://web.archive.org/web/20110114202403/http://www.cmegroup.com/tools-information/holiday-calendar/files/2011-martin-luther-king.pdf,CME Globex holiday trading hours: 2011-martin-luther-king.pdf,"PDF (pdftotext -layout), Equity Products section; CT converted +1h. Raw: HALT 1030CT | 1030 CT - Trading halt"
2011-02-21,early_halt,11:30,18:00,https://web.archive.org/web/20110114202410/http://www.cmegroup.com/tools-information/holiday-calendar/files/2011-presidents-day.pdf,CME Globex holiday trading hours: 2011-presidents-day.pdf,"PDF (pdftotext -layout), Equity Products section; CT converted +1h. Raw: HALT 1030CT | 1030 CT - Trading halt"
2011-04-22,closed,,2011-04-24 18:00,https://web.archive.org/web/20110114202425/http://www.cmegroup.com/tools-information/holiday-calendar/files/2011-good-friday.pdf,CME Globex holiday trading hours: 2011-good-friday.pdf,"PDF (pdftotext -layout), Equity Products section; CT converted +1h. Raw: CLOSED CT | CME Globex is closed"
2011-05-30,early_halt,11:30,18:00,https://web.archive.org/web/20110114202430/http://www.cmegroup.com/tools-information/holiday-calendar/files/2011-memorial-day.pdf,CME Globex holiday trading hours: 2011-memorial-day.pdf,"PDF (pdftotext -layout), Equity Products section; CT converted +1h. Raw: HALT 1030CT | 1030 CT - Trading halt"
2011-07-04,early_halt,11:30,18:00,https://web.archive.org/web/20110114202444/http://www.cmegroup.com/tools-information/holiday-calendar/files/2011-4th-of-july.pdf,CME Globex holiday trading hours: 2011-4th-of-july.pdf,"PDF (pdftotext -layout), Equity Products section; CT converted +1h. Raw: HALT 1030CT | 1030 CT - Trading halt"
2011-09-05,early_halt,11:30,18:00,https://web.archive.org/web/20110114202451/http://www.cmegroup.com/tools-information/holiday-calendar/files/2011-labor-day.pdf,CME Globex holiday trading hours: 2011-labor-day.pdf,"PDF (pdftotext -layout), Equity Products section; CT converted +1h. Raw: HALT 1030CT | 1030 CT - Trading halt"
2011-11-24,early_halt,11:30,18:00,https://web.archive.org/web/20110114202528/http://www.cmegroup.com/tools-information/holiday-calendar/files/2011-thanksgiving.pdf,CME Globex holiday trading hours: 2011-thanksgiving.pdf,"PDF (pdftotext -layout), Equity Products section; CT converted +1h. Raw: HALT 1030CT | 1030 CT - CME Globex trading halt"
2011-11-25,early_halt,13:15,,https://web.archive.org/web/20110114202528/http://www.cmegroup.com/tools-information/holiday-calendar/files/2011-thanksgiving.pdf,CME Globex holiday trading hours: 2011-thanksgiving.pdf,"PDF (pdftotext -layout), Equity Products section; CT converted +1h. Raw: EARLY 1215CT | 1215 CT - Early CME Globex close for trade date Friday, Nov 25"
2011-12-26,closed,,2011-12-27 06:00,https://web.archive.org/web/20110114202545/http://www.cmegroup.com/tools-information/holiday-calendar/files/2011-christmas.pdf,CME Globex holiday trading hours: 2011-christmas.pdf,"PDF (pdftotext -layout), Equity Products section; CT converted +1h. Raw: CLOSED CT | Christmas Day Observed - Globex closed"
2012-01-02,closed,,2012-01-03 06:00,https://web.archive.org/web/20110114202559/http://www.cmegroup.com/tools-information/holiday-calendar/files/2012-new-years.pdf,CME Globex holiday trading hours: 2012-new-years.pdf,"PDF (pdftotext -layout), Equity Products section; CT converted +1h. Raw: CLOSED CT | New Years Observed - Globex closed"
2012-01-16,early_halt,11:30,18:00,https://web.archive.org/web/20120105160459/http://www.cmegroup.com:80/tools-information/holiday-calendar/files/2012-martin-luther-king.pdf,CME Globex holiday trading hours: 2012-martin-luther-king.pdf,"PDF (pdftotext -layout), Equity Products section; CT converted +1h. Raw: HALT 1030CT | 1030 CT - Trading halt"
2012-02-20,early_halt,11:30,18:00,https://web.archive.org/web/20120107064434/http://www.cmegroup.com/tools-information/holiday-calendar/files/2012-presidents-day.pdf,CME Globex holiday trading hours: 2012-presidents-day.pdf,"PDF (pdftotext -layout), Equity Products section; CT converted +1h. Raw: HALT 1030CT | 1030 CT - Trading halt"
2012-04-06,early_halt,09:15,2012-04-08 18:00,https://web.archive.org/web/20120107070731/http://www.cmegroup.com/tools-information/holiday-calendar/files/2012-good-friday.pdf,CME Globex holiday trading hours: 2012-good-friday.pdf,"PDF (pdftotext -layout), Equity Products section; CT converted +1h. Raw: EARLY 0815CT | 0815 CT - Early CME Globex close for trade date Friday Apr 6"
2012-05-28,early_halt,11:30,18:00,https://web.archive.org/web/20120107100330/http://www.cmegroup.com/tools-information/holiday-calendar/files/2012-memorial-day.pdf,CME Globex holiday trading hours: 2012-memorial-day.pdf,"PDF (pdftotext -layout), Equity Products section; CT converted +1h. Raw: HALT 1030CT | 1030 CT - Trading halt"
2012-07-03,early_halt,13:15,16:30,https://web.archive.org/web/20120107102749/http://www.cmegroup.com/tools-information/holiday-calendar/files/2012-4th-of-july.pdf,CME Globex holiday trading hours: 2012-4th-of-july.pdf,"PDF (pdftotext -layout), Equity Products section; CT converted +1h. Raw: EARLY 1215CT | 1215 CT -Early CME Globex close for trade date Tuesday, July 3"
2012-07-04,early_halt,11:30,18:00,https://web.archive.org/web/20120107102749/http://www.cmegroup.com/tools-information/holiday-calendar/files/2012-4th-of-july.pdf,CME Globex holiday trading hours: 2012-4th-of-july.pdf,"PDF (pdftotext -layout), Equity Products section; CT converted +1h. Raw: HALT 1030CT | 1030 CT - Trading halt"
2012-09-03,early_halt,11:30,18:00,https://web.archive.org/web/20120107025516/http://www.cmegroup.com/tools-information/holiday-calendar/files/2012-labor-day.pdf,CME Globex holiday trading hours: 2012-labor-day.pdf,"PDF (pdftotext -layout), Equity Products section; CT converted +1h. Raw: HALT 1030CT | 1030 CT - Trading halt"
2012-10-29,early_halt,09:15,18:00,https://web.archive.org/web/20121030220818/http://www.cmegroup.com/hurricanesandy.html,CME Group Hurricane Sandy Update page (log of CME Globex Update / Settlement Alert notices),"CME Group ""Hurricane Sandy Update"" page (cmegroup.com/hurricanesandy.html, running log of CME notices, Wayback capture 2012-10-30 22:08 UTC). CME Globex Update Oct 29 05:05 CDT: US equity futures close at 8:15 am CT Monday Oct 29 (halt 09:15 ET). Oct 29 3:00 PM CDT update: equity index markets reopen ""today at 5:00 p.m. CT"" (18:00 ET)."
2012-10-30,early_halt,09:15,18:00,https://web.archive.org/web/20121030220818/http://www.cmegroup.com/hurricanesandy.html,CME Group Hurricane Sandy Update page (log of CME Globex Update / Settlement Alert notices),"CME Group ""Hurricane Sandy Update"" page (cmegroup.com/hurricanesandy.html, running log of CME notices, Wayback capture 2012-10-30 22:08 UTC). Settlement Alert Oct 29 06:00 PM CDT: all U.S. equity products close at 08:15 CT on Oct 30 (halt 09:15 ET). Oct 30 02:45 PM CDT update: equity index futures reopen ""today at 5:00 p.m. CT"" (18:00 ET), normal hours resume Oct 31."
2012-11-22,early_halt,11:30,18:00,https://web.archive.org/web/20111125001004/http://www.cmegroup.com:80/tools-information/holiday-calendar/files/2012-thanksgiving.pdf,CME Globex holiday trading hours: 2012-thanksgiving.pdf,"PDF (pdftotext -layout), Equity Products section; CT converted +1h. Raw: HALT 1030CT | 1030 CT - Trading halt"
2012-11-23,early_halt,13:15,,https://web.archive.org/web/20111125001004/http://www.cmegroup.com:80/tools-information/holiday-calendar/files/2012-thanksgiving.pdf,CME Globex holiday trading hours: 2012-thanksgiving.pdf,"PDF (pdftotext -layout), Equity Products section; CT converted +1h. Raw: EARLY 1215CT | 1215 CT - Early CME Globex close for trade date Friday, Nov 23"
2012-12-24,early_halt,13:15,,https://web.archive.org/web/20120107060254/http://www.cmegroup.com/tools-information/holiday-calendar/files/2012-christmas.pdf,CME Globex holiday trading hours: 2012-christmas.pdf,"PDF (pdftotext -layout), Equity Products section; CT converted +1h. Raw: EARLY 1215CT | 1215 CT - Early CME Globex close for trade date Monday, Dec 24"
2012-12-25,closed,,2012-12-26 06:00,https://web.archive.org/web/20120107060254/http://www.cmegroup.com/tools-information/holiday-calendar/files/2012-christmas.pdf,CME Globex holiday trading hours: 2012-christmas.pdf,"PDF (pdftotext -layout), Equity Products section; CT converted +1h. Raw: CLOSED CT | Christmas Day Observed - Globex closed"
2013-01-01,closed,,2013-01-02 06:00,https://web.archive.org/web/20120107085242/http://www.cmegroup.com/tools-information/holiday-calendar/files/2013-new-years.pdf,CME Globex holiday trading hours: 2013-new-years.pdf,"PDF (pdftotext -layout), Equity Products section; CT converted +1h. Raw: CLOSED CT | New Years Observed - Globex closed"
2013-01-21,early_halt,11:30,18:00,https://web.archive.org/web/20121119001609/http://www.cmegroup.com:80/tools-information/holiday-calendar/files/2013-martin-luther-king.pdf,CME Globex holiday trading hours: 2013-martin-luther-king.pdf,"PDF (pdftotext -layout), Equity Products section; CT converted +1h. Raw: HALT 1030CT | 1030 CT - Trading halt"
2013-02-18,early_halt,11:30,18:00,https://web.archive.org/web/20121119001620/http://www.cmegroup.com:80/tools-information/holiday-calendar/files/2013-presidents-day.pdf,CME Globex holiday trading hours: 2013-presidents-day.pdf,"PDF (pdftotext -layout), Equity Products section; CT converted +1h. Raw: HALT 1030CT | 1030 CT - Trading halt"
2013-03-29,closed,,2013-03-31 18:00,https://web.archive.org/web/20121119001558/http://www.cmegroup.com:80/tools-information/holiday-calendar/files/2013-good-friday.pdf,CME Globex holiday trading hours: 2013-good-friday.pdf,"PDF (pdftotext -layout), Equity Products section; CT converted +1h. Raw: CLOSED CT | CME Globex is closed"
2013-05-27,early_halt,11:30,18:00,https://web.archive.org/web/20121119001616/http://www.cmegroup.com:80/tools-information/holiday-calendar/files/2013-memorial-day.pdf,CME Globex holiday trading hours: 2013-memorial-day.pdf,"PDF (pdftotext -layout), Equity Products section; CT converted +1h. Raw: HALT 1030CT | 1030 CT - Trading halt"
2013-07-03,early_halt,13:15,18:00,https://web.archive.org/web/20130717050333/http://www.cmegroup.com:80/tools-information/holiday-calendar/files/2013-4th-of-july-done.pdf,CME Globex holiday trading hours: 2013-4th-of-july-done.pdf,"PDF (pdftotext -layout), Equity Products section; CT converted +1h. Raw: EARLY 1215CT | 1215 CT -Early close Also in: 2013-4th-of-july.pdf (agrees)"
2013-07-04,early_halt,11:30,18:00,https://web.archive.org/web/20130717050333/http://www.cmegroup.com:80/tools-information/holiday-calendar/files/2013-4th-of-july-done.pdf,CME Globex holiday trading hours: 2013-4th-of-july-done.pdf,"PDF (pdftotext -layout), Equity Products section; CT converted +1h. Raw: HALT 1030CT | 1030 CT - Trading halt Also in: 2013-4th-of-july.pdf (agrees)"
2013-09-02,early_halt,11:30,18:00,https://web.archive.org/web/20121119001605/http://www.cmegroup.com:80/tools-information/holiday-calendar/files/2013-labor-day.pdf,CME Globex holiday trading hours: 2013-labor-day.pdf,"PDF (pdftotext -layout), Equity Products section; CT converted +1h. Raw: HALT 1030CT | 1030 CT - Trading halt"
2013-11-28,early_halt,11:30,18:00,https://web.archive.org/web/20121119001625/http://www.cmegroup.com:80/tools-information/holiday-calendar/files/2013-thanksgiving.pdf,CME Globex holiday trading hours: 2013-thanksgiving.pdf,"PDF (pdftotext -layout), Equity Products section; CT converted +1h. Raw: HALT 1030CT | 1030 CT - Trading halt"
2013-11-29,early_halt,13:15,,https://web.archive.org/web/20121119001625/http://www.cmegroup.com:80/tools-information/holiday-calendar/files/2013-thanksgiving.pdf,CME Globex holiday trading hours: 2013-thanksgiving.pdf,"PDF (pdftotext -layout), Equity Products section; CT converted +1h. Raw: EARLY 1215CT | 1215 CT - Early close"
2013-12-24,early_halt,13:15,,https://web.archive.org/web/20121119021305/http://www.cmegroup.com:80/tools-information/holiday-calendar/files/2013-christmas.pdf,CME Globex holiday trading hours: 2013-christmas.pdf,"PDF (pdftotext -layout), Equity Products section; CT converted +1h. Raw: EARLY 1215CT | 1215 CT - Early close"
2013-12-25,closed,,2013-12-26 06:00,https://web.archive.org/web/20121119021305/http://www.cmegroup.com:80/tools-information/holiday-calendar/files/2013-christmas.pdf,CME Globex holiday trading hours: 2013-christmas.pdf,"PDF (pdftotext -layout), Equity Products section; CT converted +1h. Raw: CLOSED CT | Christmas Day Observed - Globex closed"
2014-01-01,closed,,2014-01-02 06:00,https://web.archive.org/web/20121119021316/http://www.cmegroup.com:80/tools-information/holiday-calendar/files/2014-new-years.pdf,CME Globex holiday trading hours: 2014-new-years.pdf,"PDF (pdftotext -layout), Equity Products section; CT converted +1h. Raw: CLOSED CT | New Years Observed - Globex closed"
2014-01-20,early_halt,11:30,18:00,https://web.archive.org/web/20140326160215/http://www.cmegroup.com/tools-information/holiday-calendar/files/2014-martin-luther-king-holiday-schedule.pdf,CME Globex holiday trading hours: 2014-martin-luther-king-holiday-schedule.pdf,"PDF (pdftotext -layout), Equity Products section; CT converted +1h. Raw: HALT 1030CT | 1030 CT / 1130 ET / 1630 UTC - Trading halt (pre-open)"
2014-02-17,early_halt,11:30,18:00,https://web.archive.org/web/20140214192332/http://www.cmegroup.com/tools-information/holiday-calendar/files/2014-presidents-day-holiday-schedule.pdf,CME Globex holiday trading hours: 2014-presidents-day-holiday-schedule.pdf,"PDF (pdftotext -layout), Equity Products section; CT converted +1h. Raw: HALT 1030CT | 1030 CT / 1130 ET / 1630 UTC - Trading halt (pre-open)"
2014-04-18,closed,,2014-04-20 18:00,https://web.archive.org/web/20140326152735/http://www.cmegroup.com/tools-information/holiday-calendar/files/2014-good-friday-holiday-schedule.pdf,CME Globex holiday trading hours: 2014-good-friday-holiday-schedule.pdf,"PDF (pdftotext -layout), Equity Products section; CT converted +1h. Raw: CLOSED CT | CME Globex is closed"
2014-05-26,early_halt,13:00,18:00,https://web.archive.org/web/20140326153335/http://www.cmegroup.com/tools-information/holiday-calendar/files/2014-memorial-day-holiday-schedule.pdf,CME Globex holiday trading hours: 2014-memorial-day-holiday-schedule.pdf,"PDF (pdftotext -layout), Equity Products section; CT converted +1h. Raw: HALT 1200CT | 1200 CT / 1300 ET / 1700 UTC - Trading halt (pre-open)"
2014-07-03,early_halt,13:15,18:00,https://web.archive.org/web/20140326153233/http://www.cmegroup.com/tools-information/holiday-calendar/files/2014-4th-of-july-holiday-schedule.pdf,CME Globex holiday trading hours: 2014-4th-of-july-holiday-schedule.pdf,"PDF (pdftotext -layout), Equity Products section; CT converted +1h. Raw: EARLY 1215CT | 1215 CT / 1315 ET / 1715 UTC -Early close"
2014-07-04,early_halt,13:00,2014-07-06 18:00,https://web.archive.org/web/20140326153233/http://www.cmegroup.com/tools-information/holiday-calendar/files/2014-4th-of-july-holiday-schedule.pdf,CME Globex holiday trading hours: 2014-4th-of-july-holiday-schedule.pdf,"PDF (pdftotext -layout), Equity Products section; CT converted +1h. Raw: EARLY 1200CT | 1200 CT / 1300 ET / 1700 UTC - Early close (Day & GTD order elimination)"
2014-09-01,early_halt,13:00,18:00,https://web.archive.org/web/20140326193120/http://www.cmegroup.com/tools-information/holiday-calendar/files/2014-labor-day-holiday-schedule.pdf,CME Globex holiday trading hours: 2014-labor-day-holiday-schedule.pdf,"PDF (pdftotext -layout), Equity Products section; CT converted +1h. Raw: HALT 1200CT | 1200 CT / 1300 ET / 1700 UTC - Trading halt (pre-open)"
2014-11-27,early_halt,13:00,18:00,https://web.archive.org/web/20140326153754/http://www.cmegroup.com/tools-information/holiday-calendar/files/2014-thanksgiving-holiday-schedule.pdf,CME Globex holiday trading hours: 2014-thanksgiving-holiday-schedule.pdf,"PDF (pdftotext -layout), Equity Products section; CT converted +1h. Raw: HALT 1200CT | 1200 CT / 1300 ET / 1800 UTC - Trading halt (pre-open)"
2014-11-28,early_halt,13:15,,https://web.archive.org/web/20140326153754/http://www.cmegroup.com/tools-information/holiday-calendar/files/2014-thanksgiving-holiday-schedule.pdf,CME Globex holiday trading hours: 2014-thanksgiving-holiday-schedule.pdf,"PDF (pdftotext -layout), Equity Products section; CT converted +1h. Raw: EARLY 1215CT | 1215 CT / 1315 ET / 1815 UTC - Early close"
2014-12-24,early_halt,13:15,,https://web.archive.org/web/20140326153852/http://www.cmegroup.com/tools-information/holiday-calendar/files/2014-christmas-holiday-schedule.pdf,CME Globex holiday trading hours: 2014-christmas-holiday-schedule.pdf,"PDF (pdftotext -layout), Equity Products section; CT converted +1h. Raw: EARLY 1215CT | 1215 CT / 1315 ET / 1815 UTC - Early close"
2014-12-25,closed,,18:00,https://web.archive.org/web/20140326153852/http://www.cmegroup.com/tools-information/holiday-calendar/files/2014-christmas-holiday-schedule.pdf,CME Globex holiday trading hours: 2014-christmas-holiday-schedule.pdf,"PDF (pdftotext -layout), Equity Products section; CT converted +1h. Raw: CLOSED CT | Christmas Day Observed - Globex closed"
2015-01-01,closed,,18:00,https://web.archive.org/web/20140326155048/http://www.cmegroup.com/tools-information/holiday-calendar/files/2015-new-years-holiday-schedule.pdf,CME Globex holiday trading hours: 2015-new-years-holiday-schedule.pdf,"PDF (pdftotext -layout), Equity Products section; CT converted +1h. Raw: CLOSED CT | New Years Observed - Globex closed"
2015-01-19,early_halt,13:00,18:00,https://web.archive.org/web/20150121141012/http://www.cmegroup.com:80/tools-information/holiday-calendar/files/2015-martin-luther-king-holiday-schedule.pdf,CME Globex holiday trading hours: 2015-martin-luther-king-holiday-schedule.pdf,"PDF (pdftotext -layout), Equity Products section; CT converted +1h. Raw: HALT 1200CT | 1200 CT / 1300 ET / 1800 UTC - Trading halt (pre-open)"
2015-02-16,early_halt,13:00,18:00,https://web.archive.org/web/20150121192401/http://www.cmegroup.com:80/tools-information/holiday-calendar/files/2015-presidents-day-holiday-schedule.pdf,CME Globex holiday trading hours: 2015-presidents-day-holiday-schedule.pdf,"PDF (pdftotext -layout), Equity Products section; CT converted +1h. Raw: HALT 1200CT | 1200 CT / 1300 ET / 1800 UTC - Trading halt (pre-open)"
2015-04-03,early_halt,09:15,2015-04-05 18:00,https://web.archive.org/web/20141212013901/http://www.cmegroup.com:80/tools-information/holiday-calendar/files/2015-good-friday-holiday-schedule.pdf,CME Globex holiday trading hours: 2015-good-friday-holiday-schedule.pdf,"PDF (pdftotext -layout), Equity Products section; CT converted +1h. Raw: EARLY 0815CT | 0815 CT / 0915 ET / 1215 UTC - Early CME Globex close for trade date Friday Apri"
2015-05-25,early_halt,13:00,18:00,https://web.archive.org/web/20150326113938/http://www.cmegroup.com/tools-information/holiday-calendar/files/2015-memorial-day-holiday-schedule.pdf,CME Globex holiday trading hours: 2015-memorial-day-holiday-schedule.pdf,"PDF (pdftotext -layout), Equity Products section; CT converted +1h. Raw: HALT 1200CT | 1200 CT / 1300 ET / 1700 UTC - Trading halt (pre-open)"
2015-07-02,early_halt,13:15,18:00,https://web.archive.org/web/20141212013838/http://www.cmegroup.com:80/tools-information/holiday-calendar/files/2015-4th-of-july-holiday-schedule.pdf,CME Globex holiday trading hours: 2015-4th-of-july-holiday-schedule.pdf,"PDF (pdftotext -layout), Equity Products section; CT converted +1h. Raw: EARLY 1215CT | 1215 CT / 1315 ET / 1715 UTC -Early close"
2015-07-03,early_halt,13:00,2015-07-05 18:00,https://web.archive.org/web/20141212013838/http://www.cmegroup.com:80/tools-information/holiday-calendar/files/2015-4th-of-july-holiday-schedule.pdf,CME Globex holiday trading hours: 2015-4th-of-july-holiday-schedule.pdf,"PDF (pdftotext -layout), Equity Products section; CT converted +1h. Raw: EARLY 1200CT | 1200 CT / 1300 ET / 1700 UTC - Early close (Day & GTD order elimination)"
2015-09-07,early_halt,13:00,18:00,https://web.archive.org/web/20150326113810/http://www.cmegroup.com/tools-information/holiday-calendar/files/2015-labor-day-holiday-schedule.pdf,CME Globex holiday trading hours: 2015-labor-day-holiday-schedule.pdf,"PDF (pdftotext -layout), Equity Products section; CT converted +1h. Raw: HALT 1200CT | 1200 CT / 1300 ET / 1700 UTC - Trading halt (pre-open)"
2015-11-26,early_halt,13:00,18:00,https://web.archive.org/web/20141212013936/http://www.cmegroup.com:80/tools-information/holiday-calendar/files/2015-thanksgiving-holiday-schedule.pdf,CME Globex holiday trading hours: 2015-thanksgiving-holiday-schedule.pdf,"PDF (pdftotext -layout), Equity Products section; CT converted +1h. Raw: HALT 1200CT | 1200 CT / 1300 ET / 1800 UTC - Trading halt (pre-open)"
2015-11-27,early_halt,13:15,,https://web.archive.org/web/20141212013936/http://www.cmegroup.com:80/tools-information/holiday-calendar/files/2015-thanksgiving-holiday-schedule.pdf,CME Globex holiday trading hours: 2015-thanksgiving-holiday-schedule.pdf,"PDF (pdftotext -layout), Equity Products section; CT converted +1h. Raw: EARLY 1215CT | 1215 CT / 1315 ET / 1815 UTC - Early close"
2015-12-24,early_halt,13:15,,https://web.archive.org/web/20141212013852/http://www.cmegroup.com:80/tools-information/holiday-calendar/files/2015-christmas-holiday-schedule.pdf,CME Globex holiday trading hours: 2015-christmas-holiday-schedule.pdf,"PDF (pdftotext -layout), Equity Products section; CT converted +1h. Raw: EARLY 1215CT | 1215 CT / 1315 ET / 1815 UTC - Early close"
2015-12-25,closed,,2015-12-27 18:00,https://web.archive.org/web/20141212013852/http://www.cmegroup.com:80/tools-information/holiday-calendar/files/2015-christmas-holiday-schedule.pdf,CME Globex holiday trading hours: 2015-christmas-holiday-schedule.pdf,"PDF (pdftotext -layout), Equity Products section; CT converted +1h. Raw: CLOSED CT | Christmas Day Observed - Globex closed"
2016-01-01,closed,,2016-01-03 18:00,https://web.archive.org/web/20141212034039/http://www.cmegroup.com:80/tools-information/holiday-calendar/files/2016-new-years-holiday-schedule.pdf,CME Globex holiday trading hours: 2016-new-years-holiday-schedule.pdf,"PDF (pdftotext -layout), Equity Products section; CT converted +1h. Raw: CLOSED CT | New Years Observed - Globex closed"
2016-01-18,early_halt,13:00,18:00,https://web.archive.org/web/20151123061526/http://www.cmegroup.com:80/tools-information/holiday-calendar/files/2016-martin-luther-king-holiday-schedule.pdf,CME Globex holiday trading hours: 2016-martin-luther-king-holiday-schedule.pdf,"PDF (pdftotext -layout), Equity Products section; CT converted +1h. Raw: HALT 1200CT | 1200 CT / 1300 ET / 1800 UTC - Trading halt (pre-open)"
2016-02-15,early_halt,13:00,18:00,https://web.archive.org/web/20151203081738/http://www.cmegroup.com:80/tools-information/holiday-calendar/files/2016-presidents-day-holiday-schedule.pdf,CME Globex holiday trading hours: 2016-presidents-day-holiday-schedule.pdf,"PDF (pdftotext -layout), Equity Products section; CT converted +1h. Raw: HALT 1200CT | 1200 CT / 1300 ET / 1800 UTC - Trading halt (pre-open)"
2016-03-25,closed,,2016-03-27 18:00,https://web.archive.org/web/20151203081248/http://www.cmegroup.com:80/tools-information/holiday-calendar/files/2016-good-friday-holiday-schedule.pdf,CME Globex holiday trading hours: 2016-good-friday-holiday-schedule.pdf,"PDF (pdftotext -layout), Equity Products section; CT converted +1h. Raw: CLOSED CT | CME Globex is closed"
2016-05-30,early_halt,13:00,18:00,https://web.archive.org/web/20151203081718/http://www.cmegroup.com:80/tools-information/holiday-calendar/files/2016-memorial-day-holiday-schedule.pdf,CME Globex holiday trading hours: 2016-memorial-day-holiday-schedule.pdf,"PDF (pdftotext -layout), Equity Products section; CT converted +1h. Raw: HALT 1200CT | 1200 CT / 1300 ET / 1700 UTC - Trading halt (pre-open)"
2016-07-04,early_halt,13:00,18:00,https://web.archive.org/web/20151203081215/http://www.cmegroup.com:80/tools-information/holiday-calendar/files/2016-4th-of-july-holiday-schedule.pdf,CME Globex holiday trading hours: 2016-4th-of-july-holiday-schedule.pdf,"PDF (pdftotext -layout), Equity Products section; CT converted +1h. Raw: HALT 1200CT | 1200 CT / 1300 ET / 1800 UTC - Trading halt (pre-open)"
2016-09-05,early_halt,13:00,18:00,https://web.archive.org/web/20151203081259/http://www.cmegroup.com:80/tools-information/holiday-calendar/files/2016-labor-day-holiday-schedule.pdf,CME Globex holiday trading hours: 2016-labor-day-holiday-schedule.pdf,"PDF (pdftotext -layout), Equity Products section; CT converted +1h. Raw: HALT 1200CT | 1200 CT / 1300 ET / 1700 UTC - Trading halt (pre-open)"
2016-11-24,early_halt,13:00,18:00,https://web.archive.org/web/20151203081748/http://www.cmegroup.com:80/tools-information/holiday-calendar/files/2016-thanksgiving-holiday-schedule.pdf,CME Globex holiday trading hours: 2016-thanksgiving-holiday-schedule.pdf,"PDF (pdftotext -layout), Equity Products section; CT converted +1h. Raw: HALT 1200CT | 1200 CT / 1300 ET / 1800 UTC - Trading halt (pre-open)"
2016-11-25,early_halt,13:15,,https://web.archive.org/web/20151203081748/http://www.cmegroup.com:80/tools-information/holiday-calendar/files/2016-thanksgiving-holiday-schedule.pdf,CME Globex holiday trading hours: 2016-thanksgiving-holiday-schedule.pdf,"PDF (pdftotext -layout), Equity Products section; CT converted +1h. Raw: EARLY 1215CT | 1215 CT / 1315 ET / 1815 UTC - Early close"
2016-12-26,closed,,18:00,https://web.archive.org/web/20151203081225/http://www.cmegroup.com:80/tools-information/holiday-calendar/files/2016-christmas-holiday-schedule.pdf,CME Globex holiday trading hours: 2016-christmas-holiday-schedule.pdf,"PDF (pdftotext -layout), Equity Products section; CT converted +1h. Raw: CLOSED CT | Christmas Day Observed - Globex closed"
2017-01-02,closed,,18:00,https://web.archive.org/web/20170628115819/http://www.cmegroup.com/tools-information/holiday-calendar/files/2016-holiday-calendars.zip,CME Globex holiday schedule XLS: 2017-new-years-holiday-schedule.xls,"XLS ""2017-new-years-holiday-schedule.xls"" extracted from CME zip http://www.cmegroup.com/tools-information/holiday-calendar/files/2016-holiday-calendars.zip; Equity row of the sheet, times CT (raw %s), +1h to ET. Source type: XLS (secondary-format, not a notice page)."
2017-01-16,early_halt,13:00,18:00,https://web.archive.org/web/20210126094835/https://www.cmegroup.com/tools-information/holiday-calendar/files/2017-holiday-calendars.zip,CME Globex holiday schedule XLS: 2017-martin-luther-king-holiday-schedule.xls,"XLS ""2017-martin-luther-king-holiday-schedule.xls"" extracted from CME zip https://www.cmegroup.com/tools-information/holiday-calendar/files/2017-holiday-calendars.zip; Equity row of the sheet, times CT (raw %s), +1h to ET. Source type: XLS (secondary-format, not a notice page)."
2017-02-20,early_halt,13:00,18:00,https://web.archive.org/web/20210126094835/https://www.cmegroup.com/tools-information/holiday-calendar/files/2017-holiday-calendars.zip,CME Globex holiday schedule XLS: 2017-presidents-day-holiday-schedule.xls,"XLS ""2017-presidents-day-holiday-schedule.xls"" extracted from CME zip https://www.cmegroup.com/tools-information/holiday-calendar/files/2017-holiday-calendars.zip; Equity row of the sheet, times CT (raw %s), +1h to ET. Source type: XLS (secondary-format, not a notice page)."
2017-04-14,closed,,2017-04-16 18:00,https://web.archive.org/web/20210126094835/https://www.cmegroup.com/tools-information/holiday-calendar/files/2017-holiday-calendars.zip,CME Globex holiday schedule XLS: 2017-good-friday-holiday-schedule.xls,"XLS ""2017-good-friday-holiday-schedule.xls"" extracted from CME zip https://www.cmegroup.com/tools-information/holiday-calendar/files/2017-holiday-calendars.zip; Equity row of the sheet, times CT (raw %s), +1h to ET. Source type: XLS (secondary-format, not a notice page)."
2017-05-29,early_halt,13:00,18:00,https://web.archive.org/web/20210126094835/https://www.cmegroup.com/tools-information/holiday-calendar/files/2017-holiday-calendars.zip,CME Globex holiday schedule XLS: 2017-memorial-day-holiday-schedule.xls,"XLS ""2017-memorial-day-holiday-schedule.xls"" extracted from CME zip https://www.cmegroup.com/tools-information/holiday-calendar/files/2017-holiday-calendars.zip; Equity row of the sheet, times CT (raw %s), +1h to ET. Source type: XLS (secondary-format, not a notice page)."
2017-07-03,early_halt,13:15,18:00,https://web.archive.org/web/20210126094835/https://www.cmegroup.com/tools-information/holiday-calendar/files/2017-holiday-calendars.zip,CME Globex holiday schedule XLS: 2017-4th-of-july-holiday-schedule.xls,"XLS ""2017-4th-of-july-holiday-schedule.xls"" extracted from CME zip https://www.cmegroup.com/tools-information/holiday-calendar/files/2017-holiday-calendars.zip; Equity row of the sheet, times CT (raw %s), +1h to ET. Source type: XLS (secondary-format, not a notice page)."
2017-07-04,early_halt,13:00,18:00,https://web.archive.org/web/20210126094835/https://www.cmegroup.com/tools-information/holiday-calendar/files/2017-holiday-calendars.zip,CME Globex holiday schedule XLS: 2017-4th-of-july-holiday-schedule.xls,"XLS ""2017-4th-of-july-holiday-schedule.xls"" extracted from CME zip https://www.cmegroup.com/tools-information/holiday-calendar/files/2017-holiday-calendars.zip; Equity row of the sheet, times CT (raw %s), +1h to ET. Source type: XLS (secondary-format, not a notice page)."
2017-09-04,early_halt,13:00,18:00,https://web.archive.org/web/20210126094835/https://www.cmegroup.com/tools-information/holiday-calendar/files/2017-holiday-calendars.zip,CME Globex holiday schedule XLS: 2017-labor-day-holiday-schedule.xls,"XLS ""2017-labor-day-holiday-schedule.xls"" extracted from CME zip https://www.cmegroup.com/tools-information/holiday-calendar/files/2017-holiday-calendars.zip; Equity row of the sheet, times CT (raw %s), +1h to ET. Source type: XLS (secondary-format, not a notice page)."
2017-11-23,early_halt,13:00,18:00,https://web.archive.org/web/20210126094835/https://www.cmegroup.com/tools-information/holiday-calendar/files/2017-holiday-calendars.zip,CME Globex holiday schedule XLS: 2017-thanksgiving-holiday-schedule.xls,"XLS ""2017-thanksgiving-holiday-schedule.xls"" extracted from CME zip https://www.cmegroup.com/tools-information/holiday-calendar/files/2017-holiday-calendars.zip; Equity row of the sheet, times CT (raw %s), +1h to ET. Source type: XLS (secondary-format, not a notice page)."
2017-11-24,early_halt,13:15,,https://web.archive.org/web/20210126094835/https://www.cmegroup.com/tools-information/holiday-calendar/files/2017-holiday-calendars.zip,CME Globex holiday schedule XLS: 2017-thanksgiving-holiday-schedule.xls,"XLS ""2017-thanksgiving-holiday-schedule.xls"" extracted from CME zip https://www.cmegroup.com/tools-information/holiday-calendar/files/2017-holiday-calendars.zip; Equity row of the sheet, times CT (raw %s), +1h to ET. Source type: XLS (secondary-format, not a notice page)."
2017-12-25,closed,,18:00,https://web.archive.org/web/20210126094835/https://www.cmegroup.com/tools-information/holiday-calendar/files/2017-holiday-calendars.zip,CME Globex holiday schedule XLS: 2017-christmas-holiday-schedule.xls,"XLS ""2017-christmas-holiday-schedule.xls"" extracted from CME zip https://www.cmegroup.com/tools-information/holiday-calendar/files/2017-holiday-calendars.zip; Equity row of the sheet, times CT (raw %s), +1h to ET. Source type: XLS (secondary-format, not a notice page)."
2018-01-01,closed,,18:00,https://web.archive.org/web/20210126094835/https://www.cmegroup.com/tools-information/holiday-calendar/files/2017-holiday-calendars.zip,CME Globex holiday schedule XLS: 2018-new-years-holiday-schedule.xls,"XLS ""2018-new-years-holiday-schedule.xls"" extracted from CME zip https://www.cmegroup.com/tools-information/holiday-calendar/files/2017-holiday-calendars.zip; Equity row of the sheet, times CT (raw %s), +1h to ET. Source type: XLS (secondary-format, not a notice page)."
2018-01-15,early_halt,13:00,18:00,https://web.archive.org/web/20260830100225/https://www.cmegroup.com/tools-information/holiday-calendar/files/2018-holiday-calendars.zip,CME Globex holiday schedule XLS: 2018-martin-luther-king-holiday-schedule.xls,"XLS ""2018-martin-luther-king-holiday-schedule.xls"" extracted from CME zip https://www.cmegroup.com/tools-information/holiday-calendar/files/2018-holiday-calendars.zip; Equity row of the sheet, times CT (raw %s), +1h to ET. Source type: XLS (secondary-format, not a notice page)."
2018-02-19,early_halt,13:00,18:00,https://web.archive.org/web/20260830100225/https://www.cmegroup.com/tools-information/holiday-calendar/files/2018-holiday-calendars.zip,CME Globex holiday schedule XLS: 2018-presidents-day-holiday-schedule.xls,"XLS ""2018-presidents-day-holiday-schedule.xls"" extracted from CME zip https://www.cmegroup.com/tools-information/holiday-calendar/files/2018-holiday-calendars.zip; Equity row of the sheet, times CT (raw %s), +1h to ET. Source type: XLS (secondary-format, not a notice page)."
2018-03-30,closed,,2018-04-01 18:00,https://web.archive.org/web/20260830100225/https://www.cmegroup.com/tools-information/holiday-calendar/files/2018-holiday-calendars.zip,CME Globex holiday schedule XLS: 2018-good-friday-holiday-schedule.xls,"XLS ""2018-good-friday-holiday-schedule.xls"" extracted from CME zip https://www.cmegroup.com/tools-information/holiday-calendar/files/2018-holiday-calendars.zip; Equity row of the sheet, times CT (raw %s), +1h to ET. Source type: XLS (secondary-format, not a notice page)."
2018-05-28,early_halt,13:00,18:00,https://web.archive.org/web/20260830100225/https://www.cmegroup.com/tools-information/holiday-calendar/files/2018-holiday-calendars.zip,CME Globex holiday schedule XLS: 2018-memorial-day-holiday-schedule.xls,"XLS ""2018-memorial-day-holiday-schedule.xls"" extracted from CME zip https://www.cmegroup.com/tools-information/holiday-calendar/files/2018-holiday-calendars.zip; Equity row of the sheet, times CT (raw %s), +1h to ET. Source type: XLS (secondary-format, not a notice page)."
2018-07-03,early_halt,13:15,18:00,https://web.archive.org/web/20260830100225/https://www.cmegroup.com/tools-information/holiday-calendar/files/2018-holiday-calendars.zip,CME Globex holiday schedule XLS: 2018-4th-of-july-holiday-schedule.xls,"XLS ""2018-4th-of-july-holiday-schedule.xls"" extracted from CME zip https://www.cmegroup.com/tools-information/holiday-calendar/files/2018-holiday-calendars.zip; Equity row of the sheet, times CT (raw %s), +1h to ET. Source type: XLS (secondary-format, not a notice page)."
2018-07-04,early_halt,13:00,18:00,https://web.archive.org/web/20260830100225/https://www.cmegroup.com/tools-information/holiday-calendar/files/2018-holiday-calendars.zip,CME Globex holiday schedule XLS: 2018-4th-of-july-holiday-schedule.xls,"XLS ""2018-4th-of-july-holiday-schedule.xls"" extracted from CME zip https://www.cmegroup.com/tools-information/holiday-calendar/files/2018-holiday-calendars.zip; Equity row of the sheet, times CT (raw %s), +1h to ET. Source type: XLS (secondary-format, not a notice page)."
2018-09-03,early_halt,13:00,18:00,https://web.archive.org/web/20260830100225/https://www.cmegroup.com/tools-information/holiday-calendar/files/2018-holiday-calendars.zip,CME Globex holiday schedule XLS: 2018-labor-day-holiday-schedule.xls,"XLS ""2018-labor-day-holiday-schedule.xls"" extracted from CME zip https://www.cmegroup.com/tools-information/holiday-calendar/files/2018-holiday-calendars.zip; Equity row of the sheet, times CT (raw %s), +1h to ET. Source type: XLS (secondary-format, not a notice page)."
2018-11-22,early_halt,13:00,18:00,https://web.archive.org/web/20260830100225/https://www.cmegroup.com/tools-information/holiday-calendar/files/2018-holiday-calendars.zip,CME Globex holiday schedule XLS: 2018-thanksgiving-holiday-schedule.xls,"XLS ""2018-thanksgiving-holiday-schedule.xls"" extracted from CME zip https://www.cmegroup.com/tools-information/holiday-calendar/files/2018-holiday-calendars.zip; Equity row of the sheet, times CT (raw %s), +1h to ET. Source type: XLS (secondary-format, not a notice page)."
2018-11-23,early_halt,13:15,,https://web.archive.org/web/20260830100225/https://www.cmegroup.com/tools-information/holiday-calendar/files/2018-holiday-calendars.zip,CME Globex holiday schedule XLS: 2018-thanksgiving-holiday-schedule.xls,"XLS ""2018-thanksgiving-holiday-schedule.xls"" extracted from CME zip https://www.cmegroup.com/tools-information/holiday-calendar/files/2018-holiday-calendars.zip; Equity row of the sheet, times CT (raw %s), +1h to ET. Source type: XLS (secondary-format, not a notice page)."
2018-12-05,early_halt,09:30,2018-12-05 18:00,https://web.archive.org/web/20181205161404/https://www.cmegroup.com/media-room/press-releases/2018/12/02/cme_group_u_s_equityinterestratemarketstoclosefornationaldayofmo.html,"CME Group press release: U.S. Equity, Interest Rate Markets to Close for National Day of Mourning (2018-12-02)","CME press release (HTML on cmegroup.com; PRNewswire text), Bush national day of mourning. ""abbreviated session, closing after overnight trading at 8:30 a.m. Central Time and reopening at their regularly scheduled times for a trade date of Dec. 6"": halt 09:30 ET. The reopen time is not written out; 18:00 ET is the regular 5:00 p.m. CT open, so this reopen is INFERRED from ""regularly scheduled times""."
2018-12-24,early_halt,13:15,2018-12-25 18:00,https://web.archive.org/web/20260830100225/https://www.cmegroup.com/tools-information/holiday-calendar/files/2018-holiday-calendars.zip,CME Globex holiday schedule XLS: 2018-christmas-holiday-schedule.xls,"XLS ""2018-christmas-holiday-schedule.xls"" extracted from CME zip https://www.cmegroup.com/tools-information/holiday-calendar/files/2018-holiday-calendars.zip; Equity row of the sheet, times CT (raw %s), +1h to ET. Source type: XLS (secondary-format, not a notice page)."
2018-12-25,closed,,18:00,https://web.archive.org/web/20260830100225/https://www.cmegroup.com/tools-information/holiday-calendar/files/2018-holiday-calendars.zip,CME Globex holiday schedule XLS: 2018-christmas-holiday-schedule.xls,"XLS ""2018-christmas-holiday-schedule.xls"" extracted from CME zip https://www.cmegroup.com/tools-information/holiday-calendar/files/2018-holiday-calendars.zip; Equity row of the sheet, times CT (raw %s), +1h to ET. Source type: XLS (secondary-format, not a notice page)."
2019-01-01,closed,,18:00,https://web.archive.org/web/20260830100225/https://www.cmegroup.com/tools-information/holiday-calendar/files/2018-holiday-calendars.zip,CME Globex holiday schedule XLS: 2019-new-years-holiday-schedule.xls,"XLS ""2019-new-years-holiday-schedule.xls"" extracted from CME zip https://www.cmegroup.com/tools-information/holiday-calendar/files/2018-holiday-calendars.zip; Equity row of the sheet, times CT (raw %s), +1h to ET. Source type: XLS (secondary-format, not a notice page)."
2019-01-21,early_halt,13:00,18:00,https://web.archive.org/web/20210126094837/https://www.cmegroup.com/tools-information/holiday-calendar/files/2019-holiday-calendars.zip,CME Globex holiday schedule XLS: 2019-mlk-day-schedule.xls,"XLS ""2019-mlk-day-schedule.xls"" extracted from CME zip https://www.cmegroup.com/tools-information/holiday-calendar/files/2019-holiday-calendars.zip; Equity row of the sheet, times CT (raw %s), +1h to ET. Source type: XLS (secondary-format, not a notice page)."
2019-02-18,early_halt,13:00,18:00,https://web.archive.org/web/20210126094837/https://www.cmegroup.com/tools-information/holiday-calendar/files/2019-holiday-calendars.zip,CME Globex holiday schedule XLS: 2019-presidents-day-schedule.xls,"XLS ""2019-presidents-day-schedule.xls"" extracted from CME zip https://www.cmegroup.com/tools-information/holiday-calendar/files/2019-holiday-calendars.zip; Equity row of the sheet, times CT (raw %s), +1h to ET. Source type: XLS (secondary-format, not a notice page)."
2019-04-19,closed,,2019-04-21 18:00,https://web.archive.org/web/20210126094837/https://www.cmegroup.com/tools-information/holiday-calendar/files/2019-holiday-calendars.zip,CME Globex holiday schedule XLS: 2019-good-friday-schedule.xls,"XLS ""2019-good-friday-schedule.xls"" extracted from CME zip https://www.cmegroup.com/tools-information/holiday-calendar/files/2019-holiday-calendars.zip; Equity row of the sheet, times CT (raw %s), +1h to ET. Source type: XLS (secondary-format, not a notice page)."
2019-05-27,early_halt,13:00,18:00,https://web.archive.org/web/20210126094837/https://www.cmegroup.com/tools-information/holiday-calendar/files/2019-holiday-calendars.zip,CME Globex holiday schedule XLS: 2019-memorial-day-schedule.xls,"XLS ""2019-memorial-day-schedule.xls"" extracted from CME zip https://www.cmegroup.com/tools-information/holiday-calendar/files/2019-holiday-calendars.zip; Equity row of the sheet, times CT (raw %s), +1h to ET. Source type: XLS (secondary-format, not a notice page)."
2019-07-03,early_halt,13:15,18:00,https://web.archive.org/web/20210126094837/https://www.cmegroup.com/tools-information/holiday-calendar/files/2019-holiday-calendars.zip,CME Globex holiday schedule XLS: 2019-independence-day-schedule.xls,"XLS ""2019-independence-day-schedule.xls"" extracted from CME zip https://www.cmegroup.com/tools-information/holiday-calendar/files/2019-holiday-calendars.zip; Equity row of the sheet, times CT (raw %s), +1h to ET. Source type: XLS (secondary-format, not a notice page)."
2019-07-04,early_halt,13:00,18:00,https://web.archive.org/web/20210126094837/https://www.cmegroup.com/tools-information/holiday-calendar/files/2019-holiday-calendars.zip,CME Globex holiday schedule XLS: 2019-independence-day-schedule.xls,"XLS ""2019-independence-day-schedule.xls"" extracted from CME zip https://www.cmegroup.com/tools-information/holiday-calendar/files/2019-holiday-calendars.zip; Equity row of the sheet, times CT (raw %s), +1h to ET. Source type: XLS (secondary-format, not a notice page)."
2019-09-02,early_halt,13:00,18:00,https://web.archive.org/web/20210126094837/https://www.cmegroup.com/tools-information/holiday-calendar/files/2019-holiday-calendars.zip,CME Globex holiday schedule XLS: 2019-labor-day-schedule.xls,"XLS ""2019-labor-day-schedule.xls"" extracted from CME zip https://www.cmegroup.com/tools-information/holiday-calendar/files/2019-holiday-calendars.zip; Equity row of the sheet, times CT (raw %s), +1h to ET. Source type: XLS (secondary-format, not a notice page)."
2019-11-28,early_halt,13:00,18:00,https://web.archive.org/web/20210126094837/https://www.cmegroup.com/tools-information/holiday-calendar/files/2019-holiday-calendars.zip,CME Globex holiday schedule XLS: 2019-thanksgiving-schedule.xls,"XLS ""2019-thanksgiving-schedule.xls"" extracted from CME zip https://www.cmegroup.com/tools-information/holiday-calendar/files/2019-holiday-calendars.zip; Equity row of the sheet, times CT (raw %s), +1h to ET. Source type: XLS (secondary-format, not a notice page)."
2019-11-29,early_halt,13:15,,https://web.archive.org/web/20210126094837/https://www.cmegroup.com/tools-information/holiday-calendar/files/2019-holiday-calendars.zip,CME Globex holiday schedule XLS: 2019-thanksgiving-schedule.xls,"XLS ""2019-thanksgiving-schedule.xls"" extracted from CME zip https://www.cmegroup.com/tools-information/holiday-calendar/files/2019-holiday-calendars.zip; Equity row of the sheet, times CT (raw %s), +1h to ET. Source type: XLS (secondary-format, not a notice page)."
2019-12-24,early_halt,13:15,2019-12-25 18:00,https://web.archive.org/web/20210126094837/https://www.cmegroup.com/tools-information/holiday-calendar/files/2019-holiday-calendars.zip,CME Globex holiday schedule XLS: 2019-christmas-holiday-schedule.xls,"XLS ""2019-christmas-holiday-schedule.xls"" extracted from CME zip https://www.cmegroup.com/tools-information/holiday-calendar/files/2019-holiday-calendars.zip; Equity row of the sheet, times CT (raw %s), +1h to ET. Source type: XLS (secondary-format, not a notice page)."
2019-12-25,closed,,18:00,https://web.archive.org/web/20210126094837/https://www.cmegroup.com/tools-information/holiday-calendar/files/2019-holiday-calendars.zip,CME Globex holiday schedule XLS: 2019-christmas-holiday-schedule.xls,"XLS ""2019-christmas-holiday-schedule.xls"" extracted from CME zip https://www.cmegroup.com/tools-information/holiday-calendar/files/2019-holiday-calendars.zip; Equity row of the sheet, times CT (raw %s), +1h to ET. Source type: XLS (secondary-format, not a notice page)."
2020-01-01,closed,,18:00,https://web.archive.org/web/20210126094837/https://www.cmegroup.com/tools-information/holiday-calendar/files/2019-holiday-calendars.zip,CME Globex holiday schedule XLS: 2019-2020-new-years-holiday-schedule.xls,"XLS ""2019-2020-new-years-holiday-schedule.xls"" extracted from CME zip https://www.cmegroup.com/tools-information/holiday-calendar/files/2019-holiday-calendars.zip; Equity row of the sheet, times CT (raw %s), +1h to ET. Source type: XLS (secondary-format, not a notice page)."
2020-01-20,early_halt,13:00,18:00,https://web.archive.org/web/20260730111834/https://www.cmegroup.com/tools-information/holiday-calendar/files/2020-holiday-calendars.zip,CME Globex holiday schedule XLS: 2020-mlk-day-schedule.xls,"XLS ""2020-mlk-day-schedule.xls"" extracted from CME zip https://www.cmegroup.com/tools-information/holiday-calendar/files/2020-holiday-calendars.zip; Equity row of the sheet, times CT (raw %s), +1h to ET. Source type: XLS (secondary-format, not a notice page)."
2020-02-17,early_halt,13:00,18:00,https://web.archive.org/web/20260730111834/https://www.cmegroup.com/tools-information/holiday-calendar/files/2020-holiday-calendars.zip,CME Globex holiday schedule XLS: 2020-presidents-day-schedule.xls,"XLS ""2020-presidents-day-schedule.xls"" extracted from CME zip https://www.cmegroup.com/tools-information/holiday-calendar/files/2020-holiday-calendars.zip; Equity row of the sheet, times CT (raw %s), +1h to ET. Source type: XLS (secondary-format, not a notice page)."
2020-04-10,closed,,2020-04-12 18:00,https://web.archive.org/web/20260730111834/https://www.cmegroup.com/tools-information/holiday-calendar/files/2020-holiday-calendars.zip,CME Globex holiday schedule XLS: 2020-good-friday-schedule.xls,"XLS ""2020-good-friday-schedule.xls"" extracted from CME zip https://www.cmegroup.com/tools-information/holiday-calendar/files/2020-holiday-calendars.zip; Equity row of the sheet, times CT (raw %s), +1h to ET. Source type: XLS (secondary-format, not a notice page)."
2020-05-25,early_halt,13:00,18:00,https://web.archive.org/web/20260730111834/https://www.cmegroup.com/tools-information/holiday-calendar/files/2020-holiday-calendars.zip,CME Globex holiday schedule XLS: 2020-memorial-day-schedule.xls,"XLS ""2020-memorial-day-schedule.xls"" extracted from CME zip https://www.cmegroup.com/tools-information/holiday-calendar/files/2020-holiday-calendars.zip; Equity row of the sheet, times CT (raw %s), +1h to ET. Source type: XLS (secondary-format, not a notice page)."
2020-07-03,early_halt,13:00,2020-07-05 18:00,https://web.archive.org/web/20260730111834/https://www.cmegroup.com/tools-information/holiday-calendar/files/2020-holiday-calendars.zip,CME Globex holiday schedule XLS: 2020-independence-day-schedule.xls,"XLS ""2020-independence-day-schedule.xls"" extracted from CME zip https://www.cmegroup.com/tools-information/holiday-calendar/files/2020-holiday-calendars.zip; Equity row of the sheet, times CT (raw %s), +1h to ET. Source type: XLS (secondary-format, not a notice page)."
2020-09-07,early_halt,13:00,18:00,https://web.archive.org/web/20260730111834/https://www.cmegroup.com/tools-information/holiday-calendar/files/2020-holiday-calendars.zip,CME Globex holiday schedule XLS: 2020-labor-day-schedule.xls,"XLS ""2020-labor-day-schedule.xls"" extracted from CME zip https://www.cmegroup.com/tools-information/holiday-calendar/files/2020-holiday-calendars.zip; Equity row of the sheet, times CT (raw %s), +1h to ET. Source type: XLS (secondary-format, not a notice page)."
2020-11-26,early_halt,13:00,18:00,https://web.archive.org/web/20260730111834/https://www.cmegroup.com/tools-information/holiday-calendar/files/2020-holiday-calendars.zip,CME Globex holiday schedule XLS: 2020-thanksgiving-schedule.xls,"XLS ""2020-thanksgiving-schedule.xls"" extracted from CME zip https://www.cmegroup.com/tools-information/holiday-calendar/files/2020-holiday-calendars.zip; Equity row of the sheet, times CT (raw %s), +1h to ET. Source type: XLS (secondary-format, not a notice page)."
2020-11-27,early_halt,13:15,,https://web.archive.org/web/20260730111834/https://www.cmegroup.com/tools-information/holiday-calendar/files/2020-holiday-calendars.zip,CME Globex holiday schedule XLS: 2020-thanksgiving-schedule.xls,"XLS ""2020-thanksgiving-schedule.xls"" extracted from CME zip https://www.cmegroup.com/tools-information/holiday-calendar/files/2020-holiday-calendars.zip; Equity row of the sheet, times CT (raw %s), +1h to ET. Source type: XLS (secondary-format, not a notice page)."
2020-12-24,early_halt,13:15,2020-12-27 18:00,https://web.archive.org/web/20260730111834/https://www.cmegroup.com/tools-information/holiday-calendar/files/2020-holiday-calendars.zip,CME Globex holiday schedule XLS: 2020-christmas-holiday-schedule.xls,"XLS ""2020-christmas-holiday-schedule.xls"" extracted from CME zip https://www.cmegroup.com/tools-information/holiday-calendar/files/2020-holiday-calendars.zip; Equity row of the sheet, times CT (raw %s), +1h to ET. Source type: XLS (secondary-format, not a notice page)."
2020-12-25,closed,,2020-12-27 18:00,https://web.archive.org/web/20260730111834/https://www.cmegroup.com/tools-information/holiday-calendar/files/2020-holiday-calendars.zip,CME Globex holiday schedule XLS: 2020-christmas-holiday-schedule.xls,"XLS ""2020-christmas-holiday-schedule.xls"" extracted from CME zip https://www.cmegroup.com/tools-information/holiday-calendar/files/2020-holiday-calendars.zip; Equity row of the sheet, times CT (raw %s), +1h to ET. Source type: XLS (secondary-format, not a notice page)."
2021-01-01,closed,,2021-01-03 18:00,https://web.archive.org/web/20260730111834/https://www.cmegroup.com/tools-information/holiday-calendar/files/2020-holiday-calendars.zip,CME Globex holiday schedule XLS: 2021-new-years-holiday-schedule.xls,"XLS ""2021-new-years-holiday-schedule.xls"" extracted from CME zip https://www.cmegroup.com/tools-information/holiday-calendar/files/2020-holiday-calendars.zip; Equity row of the sheet, times CT (raw %s), +1h to ET. Source type: XLS (secondary-format, not a notice page)."
2021-01-18,early_halt,13:00,18:00,https://web.archive.org/web/20260830100327/https://www.cmegroup.com/tools-information/holiday-calendar/files/2021-holiday-calendars.zip,CME Globex holiday schedule XLS: 2021-mlk-day-holiday-schedule.xls,"XLS ""2021-mlk-day-holiday-schedule.xls"" extracted from CME zip https://www.cmegroup.com/tools-information/holiday-calendar/files/2021-holiday-calendars.zip; Equity row of the sheet, times CT (raw %s), +1h to ET. Source type: XLS (secondary-format, not a notice page)."
2021-02-15,early_halt,13:00,18:00,https://web.archive.org/web/20260830100327/https://www.cmegroup.com/tools-information/holiday-calendar/files/2021-holiday-calendars.zip,CME Globex holiday schedule XLS: 2021-presidents-day-holiday-schedule.xls,"XLS ""2021-presidents-day-holiday-schedule.xls"" extracted from CME zip https://www.cmegroup.com/tools-information/holiday-calendar/files/2021-holiday-calendars.zip; Equity row of the sheet, times CT (raw %s), +1h to ET. Source type: XLS (secondary-format, not a notice page)."
2021-04-02,early_halt,09:15,2021-04-04 18:00,https://web.archive.org/web/20260830100327/https://www.cmegroup.com/tools-information/holiday-calendar/files/2021-holiday-calendars.zip,CME Globex holiday schedule XLS: 2021-good-friday-holiday-schedule.xls,"XLS ""2021-good-friday-holiday-schedule.xls"" extracted from CME zip https://www.cmegroup.com/tools-information/holiday-calendar/files/2021-holiday-calendars.zip; Equity row of the sheet, times CT (raw %s), +1h to ET. Source type: XLS (secondary-format, not a notice page)."
2021-05-31,early_halt,13:00,18:00,https://web.archive.org/web/20260830100327/https://www.cmegroup.com/tools-information/holiday-calendar/files/2021-holiday-calendars.zip,CME Globex holiday schedule XLS: 2021-memorial-day-holiday-schedule.xls,"XLS ""2021-memorial-day-holiday-schedule.xls"" extracted from CME zip https://www.cmegroup.com/tools-information/holiday-calendar/files/2021-holiday-calendars.zip; Equity row of the sheet, times CT (raw %s), +1h to ET. Source type: XLS (secondary-format, not a notice page)."
2021-07-05,early_halt,13:00,18:00,https://web.archive.org/web/20260830100327/https://www.cmegroup.com/tools-information/holiday-calendar/files/2021-holiday-calendars.zip,CME Globex holiday schedule XLS: 2021-independence-day-holiday-schedule.xls,"XLS ""2021-independence-day-holiday-schedule.xls"" extracted from CME zip https://www.cmegroup.com/tools-information/holiday-calendar/files/2021-holiday-calendars.zip; Equity row of the sheet, times CT (raw %s), +1h to ET. Source type: XLS (secondary-format, not a notice page)."
2021-09-06,early_halt,13:00,18:00,https://web.archive.org/web/20260830100327/https://www.cmegroup.com/tools-information/holiday-calendar/files/2021-holiday-calendars.zip,CME Globex holiday schedule XLS: 2021-labor-day-holiday-schedule.xls,"XLS ""2021-labor-day-holiday-schedule.xls"" extracted from CME zip https://www.cmegroup.com/tools-information/holiday-calendar/files/2021-holiday-calendars.zip; Equity row of the sheet, times CT (raw %s), +1h to ET. Source type: XLS (secondary-format, not a notice page)."
2021-11-25,early_halt,13:00,18:00,https://web.archive.org/web/20260830100327/https://www.cmegroup.com/tools-information/holiday-calendar/files/2021-holiday-calendars.zip,CME Globex holiday schedule XLS: 2021-thanksgiving-holiday-schedule.xls,"XLS ""2021-thanksgiving-holiday-schedule.xls"" extracted from CME zip https://www.cmegroup.com/tools-information/holiday-calendar/files/2021-holiday-calendars.zip; Equity row of the sheet, times CT (raw %s), +1h to ET. Source type: XLS (secondary-format, not a notice page)."
2021-11-26,early_halt,13:15,,https://web.archive.org/web/20260830100327/https://www.cmegroup.com/tools-information/holiday-calendar/files/2021-holiday-calendars.zip,CME Globex holiday schedule XLS: 2021-thanksgiving-holiday-schedule.xls,"XLS ""2021-thanksgiving-holiday-schedule.xls"" extracted from CME zip https://www.cmegroup.com/tools-information/holiday-calendar/files/2021-holiday-calendars.zip; Equity row of the sheet, times CT (raw %s), +1h to ET. Source type: XLS (secondary-format, not a notice page)."
2021-12-24,closed,,2021-12-26 18:00,https://web.archive.org/web/20260830100327/https://www.cmegroup.com/tools-information/holiday-calendar/files/2021-holiday-calendars.zip,CME Globex holiday schedule XLS: 2021-christmas-holiday-schedule.xls,"XLS ""2021-christmas-holiday-schedule.xls"" extracted from CME zip https://www.cmegroup.com/tools-information/holiday-calendar/files/2021-holiday-calendars.zip; Equity row of the sheet, times CT (raw %s), +1h to ET. Source type: XLS (secondary-format, not a notice page)."
2022-01-17,early_halt,13:00,18:00,https://web.archive.org/web/20220117212230/https://www.cmegroup.com/tools-information/holiday-calendar/files/2022-mlk-day-holiday-schedule.xls,CME Globex holiday schedule XLS: 2022-mlk-day-holiday-schedule.xls,"XLS fetched directly from https://www.cmegroup.com/tools-information/holiday-calendar/files/2022-mlk-day-holiday-schedule.xls; Equity row of the sheet, times CT (raw %s), +1h to ET. Source type: XLS (secondary-format, not a notice page)."
2022-02-21,early_halt,13:00,18:00,https://web.archive.org/web/20220704073810/https://www.cmegroup.com/tools-information/holiday-calendar/files/2022-presidents-day-holiday-schedule.xls,CME Globex holiday schedule XLS: 2022-presidents-day-holiday-schedule.xls,"XLS fetched directly from https://www.cmegroup.com/tools-information/holiday-calendar/files/2022-presidents-day-holiday-schedule.xls; Equity row of the sheet, times CT (raw %s), +1h to ET. Source type: XLS (secondary-format, not a notice page)."
2022-04-15,closed,,2022-04-17 18:00,https://web.archive.org/web/20220704065501/https://www.cmegroup.com/tools-information/holiday-calendar/files/2022-good-friday-holiday-schedule.xls,CME Globex holiday schedule XLS: 2022-good-friday-holiday-schedule.xls,"XLS fetched directly from https://www.cmegroup.com/tools-information/holiday-calendar/files/2022-good-friday-holiday-schedule.xls; Equity row of the sheet, times CT (raw %s), +1h to ET. Source type: XLS (secondary-format, not a notice page)."
2022-05-30,early_halt,13:00,18:00,https://web.archive.org/web/20220704065438/https://www.cmegroup.com/tools-information/holiday-calendar/files/2022-memorial-day-holiday-schedule.xls,CME Globex holiday schedule XLS: 2022-memorial-day-holiday-schedule.xls,"XLS fetched directly from https://www.cmegroup.com/tools-information/holiday-calendar/files/2022-memorial-day-holiday-schedule.xls; Equity row of the sheet, times CT (raw %s), +1h to ET. Source type: XLS (secondary-format, not a notice page)."
2022-06-20,early_halt,13:00,18:00,https://web.archive.org/web/20220620200210/https://www.cmegroup.com/tools-information/holiday-calendar/files/2022-juneteenth-holiday-schedule.xls,CME Globex holiday schedule XLS: 2022-juneteenth-holiday-schedule.xls,"XLS fetched directly from https://www.cmegroup.com/tools-information/holiday-calendar/files/2022-juneteenth-holiday-schedule.xls; Equity row of the sheet, times CT (raw %s), +1h to ET. Source type: XLS (secondary-format, not a notice page)."
2022-07-04,early_halt,13:00,18:00,https://web.archive.org/web/20220704065450/https://www.cmegroup.com/tools-information/holiday-calendar/files/2022-independence-day-holiday-schedule.xls,CME Globex holiday schedule XLS: 2022-independence-day-holiday-schedule.xls,"XLS fetched directly from https://www.cmegroup.com/tools-information/holiday-calendar/files/2022-independence-day-holiday-schedule.xls; Equity row of the sheet, times CT (raw %s), +1h to ET. Source type: XLS (secondary-format, not a notice page)."
2022-09-05,early_halt,13:00,18:00,https://web.archive.org/web/20220704065441/https://www.cmegroup.com/tools-information/holiday-calendar/files/2022-labor-day-holiday-schedule.xls,CME Globex holiday schedule XLS: 2022-labor-day-holiday-schedule.xls,"XLS fetched directly from https://www.cmegroup.com/tools-information/holiday-calendar/files/2022-labor-day-holiday-schedule.xls; Equity row of the sheet, times CT (raw %s), +1h to ET. Source type: XLS (secondary-format, not a notice page)."
2022-11-24,early_halt,13:00,18:00,https://web.archive.org/web/20220704065423/https://www.cmegroup.com/tools-information/holiday-calendar/files/2022-thanksgiving-holiday-schedule.xls,CME Globex holiday schedule XLS: 2022-thanksgiving-holiday-schedule.xls,"XLS fetched directly from https://www.cmegroup.com/tools-information/holiday-calendar/files/2022-thanksgiving-holiday-schedule.xls; Equity row of the sheet, times CT (raw %s), +1h to ET. Source type: XLS (secondary-format, not a notice page)."
2022-11-25,early_halt,13:15,,https://web.archive.org/web/20220704065423/https://www.cmegroup.com/tools-information/holiday-calendar/files/2022-thanksgiving-holiday-schedule.xls,CME Globex holiday schedule XLS: 2022-thanksgiving-holiday-schedule.xls,"XLS fetched directly from https://www.cmegroup.com/tools-information/holiday-calendar/files/2022-thanksgiving-holiday-schedule.xls; Equity row of the sheet, times CT (raw %s), +1h to ET. Source type: XLS (secondary-format, not a notice page)."
2022-12-26,closed,,18:00,https://web.archive.org/web/20220704065430/https://www.cmegroup.com/tools-information/holiday-calendar/files/2022-christmas-holiday-schedule.xls,CME Globex holiday schedule XLS: 2022-christmas-holiday-schedule.xls,"XLS fetched directly from https://www.cmegroup.com/tools-information/holiday-calendar/files/2022-christmas-holiday-schedule.xls; Equity row of the sheet, times CT (raw %s), +1h to ET. Source type: XLS (secondary-format, not a notice page)."
2023-01-02,closed,,18:00,https://web.archive.org/web/20220704065501/https://www.cmegroup.com/tools-information/holiday-calendar/files/2023-new-years-holiday-schedule.xls,CME Globex holiday schedule XLS: 2023-new-years-holiday-schedule.xls,"XLS fetched directly from https://www.cmegroup.com/tools-information/holiday-calendar/files/2023-new-years-holiday-schedule.xls; Equity Products row: Mon Jan 2 Globex Closed, open 17:00 CT -> 18:00 ET. Source type: XLS."
2023-05-29,early_halt,13:00,18:00,https://web.archive.org/web/20230420224018/https://www.cmegroup.com/trading-hours/files/memorial-day-2023.pdf,CME Memorial Day 2023 trading hours,"Equities: 12:00 CT halt, 17:00 open. Source type: CME trading-hours PDF (pdftotext -layout); times CT in the PDF."
2023-06-19,early_halt,13:00,18:00,https://web.archive.org/web/20230613185949/https://www.cmegroup.com/trading-hours/files/juneteenth-2023.pdf,CME Juneteenth 2023 trading hours,"Equities: 12:00 CT halt, 17:00 open. Source type: CME trading-hours PDF (pdftotext -layout); times CT in the PDF."
2023-07-03,early_halt,13:15,18:00,https://web.archive.org/web/20230627125057/https://www.cmegroup.com/trading-hours/files/4th-of-july-2023.pdf,CME 4th of July 2023 trading hours,Equities: Mon July 3 12:15 CT close; 17:00 open same evening. Source type: CME trading-hours PDF (pdftotext -layout); times CT in the PDF.
2023-07-04,early_halt,13:00,18:00,https://web.archive.org/web/20230627125057/https://www.cmegroup.com/trading-hours/files/4th-of-july-2023.pdf,CME 4th of July 2023 trading hours,"Equities: Tue July 4 12:00 CT halt, 17:00 open. Source type: CME trading-hours PDF (pdftotext -layout); times CT in the PDF."
2023-09-04,early_halt,13:00,18:00,https://web.archive.org/web/20230802192446/https://www.cmegroup.com/trading-hours/files/labor-day-2023.pdf,CME Labor Day 2023 trading hours,"Equities: 12:00 CT halt, 17:00 open. CME API agrees. Source type: CME trading-hours PDF (pdftotext -layout); times CT in the PDF."
2023-11-23,early_halt,13:00,18:00,https://web.archive.org/web/20231203205929/https://www.cmegroup.com/trading-hours/files/thanksgiving-day-2023.pdf,CME Thanksgiving 2023 trading hours,"Equities: 12:00 CT halt, 17:00 open. Source type: CME trading-hours PDF (pdftotext -layout); times CT in the PDF."
2023-11-24,early_halt,13:15,,https://web.archive.org/web/20231203205929/https://www.cmegroup.com/trading-hours/files/thanksgiving-day-2023.pdf,CME Thanksgiving 2023 trading hours,Equities: Fri Nov 24 12:15 CT close. Reopen (Sunday) not shown. Source type: CME trading-hours PDF (pdftotext -layout); times CT in the PDF.
2023-12-25,closed,,18:00,https://web.archive.org/web/20260719095248/https://www.cmegroup.com/trading-hours/files/christmas-day-2023.pdf,CME Christmas Day 2023 trading hours,"Equities: Dec 25 shows only 16:00 pre-open / 17:00 open, i.e. closed all day. CME API agrees. Source type: CME trading-hours PDF (pdftotext -layout); times CT in the PDF."
2024-01-01,closed,,18:00,https://web.archive.org/web/20260811165716/https://www.cmegroup.com/trading-hours/files/new-years-day-2024.pdf,CME New Years Day 2024 trading hours,Equities: Jan 1 2024 shows only 16:00 pre-open / 17:00 open. Wayback capture is from 2026. Source type: CME trading-hours PDF (pdftotext -layout); times CT in the PDF.
2024-01-15,early_halt,13:00,18:00,"https://web.archive.org/web/20241220155339/https://www.cmegroup.com/services/trading-hours-by-product?id=316,133,425,300,58,437,22,8478,5201,10191&pageNumber=1&pageSize=999&sortAsc=true&fromEventDate=2024-01-14&toEventDate=2024-01-16&isProtected&_t=1734710019526","CME trading-hours-by-product API, ES (E-mini S&P 500), 2024-01-14..2024-01-16","JSON from the CME services API (trading-hours-by-product, product ES only). Source type: API. Times CT in the JSON, +1h to ET. Events on 2024-01-15: 12:00 preopen, 17:00 open."
2024-02-19,early_halt,13:00,18:00,"https://web.archive.org/web/20240708161439/https://www.cmegroup.com/services/trading-hours-by-product?id=316,133,425,300,58,437,22,8478,5201,10191&pageNumber=1&pageSize=999&sortAsc=true&fromEventDate=2024-02-18&toEventDate=2024-02-20&isProtected&_t=1720455278669","CME trading-hours-by-product API, ES (E-mini S&P 500), 2024-02-18 window (Wayback 2024-07-08 capture)","JSON from the CME services API (trading-hours-by-product, product ES only; URL variant with id= list, pageSize=999, fetched from this snapshot). Source type: API. Times CT in the JSON, +1h to ET. Events on 2024-02-19: 12:00 preopen, 17:00 open."
2024-03-29,closed,,,"https://web.archive.org/web/20240708161439/https://www.cmegroup.com/services/trading-hours-by-product?id=316,133,425,300,58,437,22,8478,5201,10191&pageNumber=1&pageSize=999&sortAsc=true&fromEventDate=2024-03-28&toEventDate=2024-03-30&isProtected&_t=1720455278672","CME trading-hours-by-product API, ES (E-mini S&P 500), 2024-03-28 window (Wayback 2024-07-08 capture)","JSON from the CME services API (trading-hours-by-product, product ES only; URL variant with id= list, pageSize=999, fetched from this snapshot). Source type: API. Times CT in the JSON, +1h to ET. No ES events returned for 2024-03-29 (Good Friday) or 03-30 while 03-28 is populated (16:00 closed): closed INFERRED, no explicit closed statement; Sunday reopen not in the window, reopen left blank. WEAK."
2024-05-27,early_halt,13:00,18:00,"https://web.archive.org/web/20241220155339/https://www.cmegroup.com/services/trading-hours-by-product?id=316,133,425,300,58,437,22,8478,5201,10191&pageNumber=1&pageSize=999&sortAsc=true&fromEventDate=2024-05-26&toEventDate=2024-05-28&isProtected&_t=1734710019531","CME trading-hours-by-product API, ES (E-mini S&P 500), 2024-05-26..2024-05-28","JSON from the CME services API (trading-hours-by-product, product ES only). Source type: API. Times CT in the JSON, +1h to ET. Events on 2024-05-27: 12:00 preopen, 17:00 open."
2024-06-19,early_halt,13:00,18:00,"https://web.archive.org/web/20241220155340/https://www.cmegroup.com/services/trading-hours-by-product?id=316,133,425,300,58,437,22,8478,5201,10191&pageNumber=1&pageSize=999&sortAsc=true&fromEventDate=2024-06-18&toEventDate=2024-06-20&isProtected&_t=1734710019532","CME trading-hours-by-product API, ES (E-mini S&P 500), 2024-06-18..2024-06-20","JSON from the CME services API (trading-hours-by-product, product ES only). Source type: API. Times CT in the JSON, +1h to ET. Events on 2024-06-19: 12:00 preopen, 17:00 open."
2024-07-03,early_halt,13:15,18:00,"https://web.archive.org/web/20241220155340/https://www.cmegroup.com/services/trading-hours-by-product?id=316,133,425,300,58,437,22,8478,5201,10191&pageNumber=1&pageSize=999&sortAsc=true&fromEventDate=2024-07-03&toEventDate=2024-07-05&isProtected&_t=1734710019533","CME trading-hours-by-product API, ES (E-mini S&P 500), 2024-07-03..2024-07-05","JSON from the CME services API (trading-hours-by-product, product ES only). Source type: API. Times CT in the JSON, +1h to ET. Events on 2024-07-03: 12:15 closed, 16:45 preopen, 17:00 open."
2024-07-04,early_halt,13:00,18:00,"https://web.archive.org/web/20241220155340/https://www.cmegroup.com/services/trading-hours-by-product?id=316,133,425,300,58,437,22,8478,5201,10191&pageNumber=1&pageSize=999&sortAsc=true&fromEventDate=2024-07-03&toEventDate=2024-07-05&isProtected&_t=1734710019533","CME trading-hours-by-product API, ES (E-mini S&P 500), 2024-07-03..2024-07-05","JSON from the CME services API (trading-hours-by-product, product ES only). Source type: API. Times CT in the JSON, +1h to ET. Events on 2024-07-04: 12:00 preopen, 17:00 open."
2024-09-02,early_halt,13:00,18:00,"https://web.archive.org/web/20241220155340/https://www.cmegroup.com/services/trading-hours-by-product?id=316,133,425,300,58,437,22,8478,5201,10191&pageNumber=1&pageSize=999&sortAsc=true&fromEventDate=2024-09-01&toEventDate=2024-09-03&isProtected&_t=1734710019534","CME trading-hours-by-product API, ES (E-mini S&P 500), 2024-09-01..2024-09-03","JSON from the CME services API (trading-hours-by-product, product ES only). Source type: API. Times CT in the JSON, +1h to ET. Events on 2024-09-02: 12:00 preopen, 17:00 open."
2024-11-28,early_halt,13:00,18:00,"https://web.archive.org/web/20240708161439/https://www.cmegroup.com/services/trading-hours-by-product?id=316,133,425,300,58,437,22,8478,5201,10191&pageNumber=1&pageSize=999&sortAsc=true&fromEventDate=2024-11-27&toEventDate=2024-11-29&isProtected&_t=1720455278685","CME trading-hours-by-product API, ES (E-mini S&P 500), 2024-11-27 window (Wayback 2024-07-08 capture)","JSON from the CME services API (trading-hours-by-product, product ES only; URL variant with id= list, pageSize=999, fetched from this snapshot). Source type: API. Times CT in the JSON, +1h to ET. Events on 2024-11-28: 12:00 preopen, 17:00 open."
2024-11-29,early_halt,13:15,,"https://web.archive.org/web/20240708161439/https://www.cmegroup.com/services/trading-hours-by-product?id=316,133,425,300,58,437,22,8478,5201,10191&pageNumber=1&pageSize=999&sortAsc=true&fromEventDate=2024-11-27&toEventDate=2024-11-29&isProtected&_t=1720455278685","CME trading-hours-by-product API, ES (E-mini S&P 500), 2024-11-27 window (Wayback 2024-07-08 capture)","JSON from the CME services API (trading-hours-by-product, product ES only; URL variant with id= list, pageSize=999, fetched from this snapshot). Source type: API. Times CT in the JSON, +1h to ET. Events on 2024-11-29: 12:15 closed. Sunday reopen not in the window; reopen left blank."
2024-12-24,early_halt,13:15,2024-12-25 18:00,"https://web.archive.org/web/20240708161439/https://www.cmegroup.com/services/trading-hours-by-product?id=316,133,425,300,58,437,22,8478,5201,10191&pageNumber=1&pageSize=999&sortAsc=true&fromEventDate=2024-12-24&toEventDate=2024-12-26&isProtected&_t=1720455278686","CME trading-hours-by-product API, ES (E-mini S&P 500), 2024-12-24 window (Wayback 2024-07-08 capture)","JSON from the CME services API (trading-hours-by-product, product ES only; URL variant with id= list, pageSize=999, fetched from this snapshot). Source type: API. Times CT in the JSON, +1h to ET. Events on 2024-12-24: 12:15 closed; the 2024-12-25 schedule in the same response shows 16:00 preopen, 17:00 open, which gives the reopen."
2024-12-25,closed,,18:00,"https://web.archive.org/web/20240708161439/https://www.cmegroup.com/services/trading-hours-by-product?id=316,133,425,300,58,437,22,8478,5201,10191&pageNumber=1&pageSize=999&sortAsc=true&fromEventDate=2024-12-24&toEventDate=2024-12-26&isProtected&_t=1720455278686","CME trading-hours-by-product API, ES (E-mini S&P 500), 2024-12-24 window (Wayback 2024-07-08 capture)","JSON from the CME services API (trading-hours-by-product, product ES only; URL variant with id= list, pageSize=999, fetched from this snapshot). Source type: API. Times CT in the JSON, +1h to ET. Events on 2024-12-25: 16:00 preopen, 17:00 open only (no day session): closed INFERRED from the absence of a day session."
2025-01-01,closed,,18:00,"https://web.archive.org/web/20241220155340/https://www.cmegroup.com/services/trading-hours-by-product?id=316,133,425,300,58,437,22,8478,5201,10191&pageNumber=1&pageSize=999&sortAsc=true&fromEventDate=2024-12-31&toEventDate=2025-01-02&isProtected&_t=1734710019538","CME trading-hours-by-product API, ES (E-mini S&P 500), 2024-12-31..2025-01-02","JSON from the CME services API (trading-hours-by-product, product ES only). Source type: API. Times CT in the JSON, +1h to ET. Events on 2025-01-01: 16:00 preopen, 17:00 open (no daytime session: closed until the evening open). Closed is INFERRED from the absence of a day session."
2025-01-09,early_halt,09:30,,https://web.archive.org/web/20250218194143/https://www.cmegroup.com/trading-hours/files/day-of-mourning-january-9-2024.pdf,"CME U.S. National Day of Mourning Trading Schedule (Jan 9, 2025)",PDF (pdftotext). CME Group US Equities close at 8:30 AM CT on Jan 9 2025 (Carter day of mourning). File name says 2024 but content is dated Jan 9 2025. Reopen not stated. Source type: CME trading-hours PDF.
2025-01-20,early_halt,13:00,18:00,"https://web.archive.org/web/20241220155340/https://www.cmegroup.com/services/trading-hours-by-product?id=316,133,425,300,58,437,22,8478,5201,10191&pageNumber=1&pageSize=999&sortAsc=true&fromEventDate=2025-01-19&toEventDate=2025-01-21&isProtected&_t=1734710019539","CME trading-hours-by-product API, ES (E-mini S&P 500), 2025-01-19..2025-01-21","JSON from the CME services API (trading-hours-by-product, product ES only). Source type: API. Times CT in the JSON, +1h to ET. Events on 2025-01-20: 12:00 preopen, 17:00 open."
2025-02-17,early_halt,13:00,18:00,"https://web.archive.org/web/20241220155340/https://www.cmegroup.com/services/trading-hours-by-product?id=316,133,425,300,58,437,22,8478,5201,10191&pageNumber=1&pageSize=999&sortAsc=true&fromEventDate=2025-02-16&toEventDate=2025-02-18&isProtected&_t=1734710019540","CME trading-hours-by-product API, ES (E-mini S&P 500), 2025-02-16..2025-02-18","JSON from the CME services API (trading-hours-by-product, product ES only). Source type: API. Times CT in the JSON, +1h to ET. Events on 2025-02-17: 12:00 preopen, 17:00 open."
2025-04-18,closed,,,"https://web.archive.org/web/20241220155340/https://www.cmegroup.com/services/trading-hours-by-product?id=316,133,425,300,58,437,22,8478,5201,10191&pageNumber=1&pageSize=999&sortAsc=true&fromEventDate=2025-04-17&toEventDate=2025-04-19&isProtected&_t=1734710019542","CME trading-hours-by-product API, ES (E-mini S&P 500), 2025-04-17..2025-04-19","JSON from the CME services API (trading-hours-by-product, product ES only). Source type: API. Times CT in the JSON, +1h to ET. No ES events returned for 2025-04-18 while neighbouring weekdays in the same response are populated: closed INFERRED (no explicit closed statement); reopen not in window. WEAK."
2025-05-26,early_halt,13:00,18:00,"https://web.archive.org/web/20241220155340/https://www.cmegroup.com/services/trading-hours-by-product?id=316,133,425,300,58,437,22,8478,5201,10191&pageNumber=1&pageSize=999&sortAsc=true&fromEventDate=2025-05-25&toEventDate=2025-05-27&isProtected&_t=1734710019543","CME trading-hours-by-product API, ES (E-mini S&P 500), 2025-05-25..2025-05-27","JSON from the CME services API (trading-hours-by-product, product ES only). Source type: API. Times CT in the JSON, +1h to ET. Events on 2025-05-26: 12:00 preopen, 17:00 open."
2025-06-19,early_halt,13:00,18:00,"https://web.archive.org/web/20241220155340/https://www.cmegroup.com/services/trading-hours-by-product?id=316,133,425,300,58,437,22,8478,5201,10191&pageNumber=1&pageSize=999&sortAsc=true&fromEventDate=2025-06-18&toEventDate=2025-06-20&isProtected&_t=1734710019544","CME trading-hours-by-product API, ES (E-mini S&P 500), 2025-06-18..2025-06-20","JSON from the CME services API (trading-hours-by-product, product ES only). Source type: API. Times CT in the JSON, +1h to ET. Events on 2025-06-19: 12:00 preopen, 17:00 open."
2025-07-03,early_halt,13:15,18:00,"https://web.archive.org/web/20241220155340/https://www.cmegroup.com/services/trading-hours-by-product?id=316,133,425,300,58,437,22,8478,5201,10191&pageNumber=1&pageSize=999&sortAsc=true&fromEventDate=2025-07-03&toEventDate=2025-07-05&isProtected&_t=1734710019545","CME trading-hours-by-product API, ES (E-mini S&P 500), 2025-07-03..2025-07-05","JSON from the CME services API (trading-hours-by-product, product ES only). Source type: API. Times CT in the JSON, +1h to ET. Events on 2025-07-03: 12:15 closed, 16:45 preopen, 17:00 open."
2025-07-04,early_halt,13:00,,"https://web.archive.org/web/20241220155340/https://www.cmegroup.com/services/trading-hours-by-product?id=316,133,425,300,58,437,22,8478,5201,10191&pageNumber=1&pageSize=999&sortAsc=true&fromEventDate=2025-07-03&toEventDate=2025-07-05&isProtected&_t=1734710019545","CME trading-hours-by-product API, ES (E-mini S&P 500), 2025-07-03..2025-07-05","JSON from the CME services API (trading-hours-by-product, product ES only). Source type: API. Times CT in the JSON, +1h to ET. Events on 2025-07-04: 12:00 closed. Next open not stated in the fetched window; reopen left blank."
2025-09-01,early_halt,13:00,18:00,"https://web.archive.org/web/20241220155340/https://www.cmegroup.com/services/trading-hours-by-product?id=316,133,425,300,58,437,22,8478,5201,10191&pageNumber=1&pageSize=999&sortAsc=true&fromEventDate=2025-08-31&toEventDate=2025-09-02&isProtected&_t=1734710019546","CME trading-hours-by-product API, ES (E-mini S&P 500), 2025-08-31..2025-09-02","JSON from the CME services API (trading-hours-by-product, product ES only). Source type: API. Times CT in the JSON, +1h to ET. Events on 2025-09-01: 12:00 preopen, 17:00 open."
2025-11-27,early_halt,13:00,18:00,"https://web.archive.org/web/20260129012309/https://www.cmegroup.com/services/trading-hours-by-product?id=316,133,425,300,58,437,22,8478,5201,10191&pageNumber=1&pageSize=999&sortAsc=true&fromEventDate=2025-11-26&toEventDate=2025-11-28&isProtected&_t=1769649789739","CME trading-hours-by-product API, ES (E-mini S&P 500), 2025-11-26..2025-11-28","JSON from the CME services API (trading-hours-by-product, product ES only). Source type: API. Times CT in the JSON, +1h to ET. Events on 2025-11-27: 12:00 preopen, 17:00 open."
2025-11-28,early_halt,13:15,,"https://web.archive.org/web/20260129012309/https://www.cmegroup.com/services/trading-hours-by-product?id=316,133,425,300,58,437,22,8478,5201,10191&pageNumber=1&pageSize=999&sortAsc=true&fromEventDate=2025-11-26&toEventDate=2025-11-28&isProtected&_t=1769649789739","CME trading-hours-by-product API, ES (E-mini S&P 500), 2025-11-26..2025-11-28","JSON from the CME services API (trading-hours-by-product, product ES only). Source type: API. Times CT in the JSON, +1h to ET. Events on 2025-11-28: 07:00 preopen, 07:30 open, 12:15 closed. Next open not stated in the fetched window; reopen left blank. ODD: the API also shows 07:00 preopen and 07:30 open on this date; the halt is taken as the 12:15 CT close."
2025-12-24,early_halt,13:15,2025-12-25 18:00,"https://web.archive.org/web/20260129012309/https://www.cmegroup.com/services/trading-hours-by-product?id=316,133,425,300,58,437,22,8478,5201,10191&pageNumber=1&pageSize=999&sortAsc=true&fromEventDate=2025-12-24&toEventDate=2025-12-26&isProtected&_t=1769649789742","CME trading-hours-by-product API, ES (E-mini S&P 500), 2025-12-24..2025-12-26","JSON from the CME services API (trading-hours-by-product, product ES only). Source type: API. Times CT in the JSON, +1h to ET. Events on 2025-12-24: 12:15 closed."
2025-12-25,closed,,18:00,"https://web.archive.org/web/20260129012309/https://www.cmegroup.com/services/trading-hours-by-product?id=316,133,425,300,58,437,22,8478,5201,10191&pageNumber=1&pageSize=999&sortAsc=true&fromEventDate=2025-12-24&toEventDate=2025-12-26&isProtected&_t=1769649789742","CME trading-hours-by-product API, ES (E-mini S&P 500), 2025-12-24..2025-12-26","JSON from the CME services API (trading-hours-by-product, product ES only). Source type: API. Times CT in the JSON, +1h to ET. Events on 2025-12-25: 16:00 preopen, 17:00 open (no daytime session: closed until the evening open). Closed is INFERRED from the absence of a day session."
2026-01-01,closed,,18:00,"https://web.archive.org/web/20260722114222/https://www.cmegroup.com/services/trading-hours-by-product?id=316,133,425,300,58,437,22,8478,5201,10191&pageNumber=1&pageSize=999&sortAsc=true&fromEventDate=2025-12-31&toEventDate=2026-01-02&isProtected&_t=1784720542553","CME trading-hours-by-product API, ES (E-mini S&P 500), 2025-12-31..2026-01-02","JSON from the CME services API (trading-hours-by-product, product ES only). Source type: API. Times CT in the JSON, +1h to ET. Events on 2026-01-01: 16:00 preopen, 17:00 open (no daytime session: closed until the evening open). Closed is INFERRED from the absence of a day session."
2026-01-19,early_halt,13:00,18:00,"https://web.archive.org/web/20260812185118/https://www.cmegroup.com/services/trading-hours-by-product?id=316,133,425,300,58,437,22,8478,5201,10191&pageNumber=1&pageSize=999&sortAsc=true&fromEventDate=2026-01-18&toEventDate=2026-01-20&isProtected&_t=1720455320274","CME trading-hours-by-product API, ES (E-mini S&P 500), 2026-01-18..2026-01-20","JSON from the CME services API (trading-hours-by-product, product ES only). Source type: API. Times CT in the JSON, +1h to ET. Events on 2026-01-19: 12:00 preopen, 17:00 open."
2026-02-16,early_halt,13:00,18:00,"https://web.archive.org/web/20260812185118/https://www.cmegroup.com/services/trading-hours-by-product?id=316,133,425,300,58,437,22,8478,5201,10191&pageNumber=1&pageSize=999&sortAsc=true&fromEventDate=2026-02-15&toEventDate=2026-02-17&isProtected&_t=1720455320274","CME trading-hours-by-product API, ES (E-mini S&P 500), 2026-02-15..2026-02-17","JSON from the CME services API (trading-hours-by-product, product ES only). Source type: API. Times CT in the JSON, +1h to ET. Events on 2026-02-16: 12:00 preopen, 17:00 open."
2026-04-03,early_halt,09:15,,"https://web.archive.org/web/20260722114222/https://www.cmegroup.com/services/trading-hours-by-product?id=316,133,425,300,58,437,22,8478,5201,10191&pageNumber=1&pageSize=999&sortAsc=true&fromEventDate=2026-04-01&toEventDate=2026-04-03&isProtected&_t=1784720542559","CME trading-hours-by-product API, ES (E-mini S&P 500), 2026-04-01..2026-04-03","JSON from the CME services API (trading-hours-by-product, product ES only). Source type: API. Times CT in the JSON, +1h to ET. Events on 2026-04-03: 08:15 closed. Next open not stated in the fetched window; reopen left blank."
2026-05-25,early_halt,13:00,18:00,"https://web.archive.org/web/20260722114222/https://www.cmegroup.com/services/trading-hours-by-product?id=316,133,425,300,58,437,22,8478,5201,10191&pageNumber=1&pageSize=999&sortAsc=true&fromEventDate=2026-05-24&toEventDate=2026-05-26&isProtected&_t=1784720542560","CME trading-hours-by-product API, ES (E-mini S&P 500), 2026-05-24..2026-05-26","JSON from the CME services API (trading-hours-by-product, product ES only). Source type: API. Times CT in the JSON, +1h to ET. Events on 2026-05-25: 12:00 preopen, 17:00 open."
2026-06-19,early_halt,13:00,,"https://web.archive.org/web/20260129012310/https://www.cmegroup.com/services/trading-hours-by-product?id=316,133,425,300,58,437,22,8478,5201,10191&pageNumber=1&pageSize=999&sortAsc=true&fromEventDate=2026-06-17&toEventDate=2026-06-19&isProtected&_t=1769649789748","CME trading-hours-by-product API, ES (E-mini S&P 500), 2026-06-17..2026-06-19","JSON from the CME services API (trading-hours-by-product, product ES only). Source type: API. Times CT in the JSON, +1h to ET. Events on 2026-06-19: 12:00 closed. Next open not stated in the fetched window; reopen left blank. (2 API captures cover this date; first used.)"
2026-07-03,early_halt,13:00,,"https://web.archive.org/web/20260129012310/https://www.cmegroup.com/services/trading-hours-by-product?id=316,133,425,300,58,437,22,8478,5201,10191&pageNumber=1&pageSize=999&sortAsc=true&fromEventDate=2026-07-02&toEventDate=2026-07-04&isProtected&_t=1769649789749","CME trading-hours-by-product API, ES (E-mini S&P 500), 2026-07-02..2026-07-04","JSON from the CME services API (trading-hours-by-product, product ES only). Source type: API. Times CT in the JSON, +1h to ET. Events on 2026-07-03: 12:00 closed. Next open not stated in the fetched window; reopen left blank. (2 API captures cover this date; first used.)"
2026-09-07,early_halt,13:00,18:00,"https://web.archive.org/web/20260913074737/https://www.cmegroup.com/services/trading-hours-by-product?id=316,133,425,300,58,437,22,8478,5201,10191&pageNumber=1&pageSize=999&sortAsc=true&fromEventDate=2026-09-06&toEventDate=2026-09-08&isProtected&_t=1789285657329","CME trading-hours-by-product API, ES (E-mini S&P 500), 2026-09-06..2026-09-08","JSON from the CME services API (trading-hours-by-product, product ES only). Source type: API. Times CT in the JSON, +1h to ET. Events on 2026-09-07: 12:00 preopen, 17:00 open."
2026-11-26,early_halt,13:00,18:00,"https://web.archive.org/web/20260913074738/https://www.cmegroup.com/services/trading-hours-by-product?id=316,133,425,300,58,437,22,8478,5201,10191&pageNumber=1&pageSize=999&sortAsc=true&fromEventDate=2026-11-25&toEventDate=2026-11-27&isProtected&_t=1789285658800","CME trading-hours-by-product API, ES (E-mini S&P 500), 2026-11-25..2026-11-27","JSON from the CME services API (trading-hours-by-product, product ES only). Source type: API. Times CT in the JSON, +1h to ET. Events on 2026-11-26: 12:00 preopen, 17:00 open."
2026-11-27,early_halt,13:15,,"https://web.archive.org/web/20260913074738/https://www.cmegroup.com/services/trading-hours-by-product?id=316,133,425,300,58,437,22,8478,5201,10191&pageNumber=1&pageSize=999&sortAsc=true&fromEventDate=2026-11-25&toEventDate=2026-11-27&isProtected&_t=1789285658800","CME trading-hours-by-product API, ES (E-mini S&P 500), 2026-11-25..2026-11-27","JSON from the CME services API (trading-hours-by-product, product ES only). Source type: API. Times CT in the JSON, +1h to ET. Events on 2026-11-27: 12:15 closed. Next open not stated in the fetched window; reopen left blank."
2026-12-24,early_halt,13:15,,"https://web.archive.org/web/20260310063244/https://www.cmegroup.com/services/trading-hours-by-product?id=316,133,425,300,58,437,22,8478,5201,10191&pageNumber=1&pageSize=999&sortAsc=true&fromEventDate=2026-12-23&toEventDate=2026-12-25&isProtected&_t=1720050009698","CME trading-hours-by-product API, ES (E-mini S&P 500), 2026-12-23..2026-12-25","JSON from the CME services API (trading-hours-by-product, product ES only). Source type: API. Times CT in the JSON, +1h to ET. Events on 2026-12-24: 12:15 closed. Next open not stated in the fetched window; reopen left blank. (2 API captures cover this date; first used.)"
2026-12-25,closed,,,"https://web.archive.org/web/20260310063244/https://www.cmegroup.com/services/trading-hours-by-product?id=316,133,425,300,58,437,22,8478,5201,10191&pageNumber=1&pageSize=999&sortAsc=true&fromEventDate=2026-12-23&toEventDate=2026-12-25&isProtected&_t=1720050009698","CME trading-hours-by-product API, ES (E-mini S&P 500), 2026-12-23..2026-12-25","JSON from the CME services API (trading-hours-by-product, product ES only). Source type: API. Times CT in the JSON, +1h to ET. No ES events returned for 2026-12-25 while neighbouring weekdays in the same response are populated: closed INFERRED (no explicit closed statement); reopen not in window. WEAK. (2 API captures cover this date; first used.)"
2027-01-01,closed,,,"https://web.archive.org/web/20260310063233/https://www.cmegroup.com/services/trading-hours-by-product?id=316,133,425,300,58,437,22,8478,5201,10191&pageNumber=1&pageSize=999&sortAsc=true&fromEventDate=2026-12-30&toEventDate=2027-01-01&isProtected&_t=1720050009698","CME trading-hours-by-product API, ES (E-mini S&P 500), 2026-12-30..2027-01-01","JSON from the CME services API (trading-hours-by-product, product ES only). Source type: API. Times CT in the JSON, +1h to ET. No ES events returned for 2027-01-01 while neighbouring weekdays in the same response are populated: closed INFERRED (no explicit closed statement); reopen not in window. WEAK. (2 API captures cover this date; first used.)"
2027-01-18,early_halt,13:00,18:00,"https://web.archive.org/web/20260913074737/https://www.cmegroup.com/services/trading-hours-by-product?id=316,133,425,300,58,437,22,8478,5201,10191&pageNumber=1&pageSize=999&sortAsc=true&fromEventDate=2027-01-17&toEventDate=2027-01-19&isProtected&_t=1789285657337","CME trading-hours-by-product API, ES (E-mini S&P 500), 2027-01-17..2027-01-19","JSON from the CME services API (trading-hours-by-product, product ES only). Source type: API. Times CT in the JSON, +1h to ET. Events on 2027-01-18: 12:00 preopen, 17:00 open."
2027-02-15,early_halt,13:00,18:00,"https://web.archive.org/web/20260913074738/https://www.cmegroup.com/services/trading-hours-by-product?id=316,133,425,300,58,437,22,8478,5201,10191&pageNumber=1&pageSize=999&sortAsc=true&fromEventDate=2027-02-14&toEventDate=2027-02-16&isProtected&_t=1789285657338","CME trading-hours-by-product API, ES (E-mini S&P 500), 2027-02-14..2027-02-16","JSON from the CME services API (trading-hours-by-product, product ES only). Source type: API. Times CT in the JSON, +1h to ET. Events on 2027-02-15: 12:00 preopen, 17:00 open."
2027-03-26,closed,,,"https://web.archive.org/web/20260913074738/https://www.cmegroup.com/services/trading-hours-by-product?id=316,133,425,300,58,437,22,8478,5201,10191&pageNumber=1&pageSize=999&sortAsc=true&fromEventDate=2027-03-25&toEventDate=2027-03-27&isProtected&_t=1789285657339","CME trading-hours-by-product API, ES (E-mini S&P 500), 2027-03-25..2027-03-27","JSON from the CME services API (trading-hours-by-product, product ES only). Source type: API. Times CT in the JSON, +1h to ET. No ES events returned for 2027-03-26 while neighbouring weekdays in the same response are populated: closed INFERRED (no explicit closed statement); reopen not in window. WEAK."
2027-05-31,early_halt,13:00,18:00,"https://web.archive.org/web/20260913074738/https://www.cmegroup.com/services/trading-hours-by-product?id=316,133,425,300,58,437,22,8478,5201,10191&pageNumber=1&pageSize=999&sortAsc=true&fromEventDate=2027-05-30&toEventDate=2027-06-01&isProtected&_t=1789285657339","CME trading-hours-by-product API, ES (E-mini S&P 500), 2027-05-30..2027-06-01","JSON from the CME services API (trading-hours-by-product, product ES only). Source type: API. Times CT in the JSON, +1h to ET. Events on 2027-05-31: 12:00 preopen, 17:00 open."
2027-06-18,early_halt,13:00,,"https://web.archive.org/web/20260913074738/https://www.cmegroup.com/services/trading-hours-by-product?id=316,133,425,300,58,437,22,8478,5201,10191&pageNumber=1&pageSize=999&sortAsc=true&fromEventDate=2027-06-17&toEventDate=2027-06-19&isProtected&_t=1789285657340","CME trading-hours-by-product API, ES (E-mini S&P 500), 2027-06-17..2027-06-19","JSON from the CME services API (trading-hours-by-product, product ES only). Source type: API. Times CT in the JSON, +1h to ET. Events on 2027-06-18: 12:00 closed. Next open not stated in the fetched window; reopen left blank."
2027-07-05,early_halt,13:00,18:00,"https://web.archive.org/web/20260913074738/https://www.cmegroup.com/services/trading-hours-by-product?id=316,133,425,300,58,437,22,8478,5201,10191&pageNumber=1&pageSize=999&sortAsc=true&fromEventDate=2027-07-04&toEventDate=2027-07-06&isProtected&_t=1789285657341","CME trading-hours-by-product API, ES (E-mini S&P 500), 2027-07-04..2027-07-06","JSON from the CME services API (trading-hours-by-product, product ES only). Source type: API. Times CT in the JSON, +1h to ET. Events on 2027-07-05: 12:00 preopen, 17:00 open."
2027-09-06,early_halt,13:00,18:00,"https://web.archive.org/web/20260913074738/https://www.cmegroup.com/services/trading-hours-by-product?id=316,133,425,300,58,437,22,8478,5201,10191&pageNumber=1&pageSize=999&sortAsc=true&fromEventDate=2027-09-05&toEventDate=2027-09-07&isProtected&_t=1789285657342","CME trading-hours-by-product API, ES (E-mini S&P 500), 2027-09-05..2027-09-07","JSON from the CME services API (trading-hours-by-product, product ES only). Source type: API. Times CT in the JSON, +1h to ET. Events on 2027-09-06: 12:00 preopen, 17:00 open."
2027-11-25,early_halt,13:00,18:00,"https://web.archive.org/web/20260913074738/https://www.cmegroup.com/services/trading-hours-by-product?id=316,133,425,300,58,437,22,8478,5201,10191&pageNumber=1&pageSize=999&sortAsc=true&fromEventDate=2027-11-24&toEventDate=2027-11-26&isProtected&_t=1789285657343","CME trading-hours-by-product API, ES (E-mini S&P 500), 2027-11-24..2027-11-26","JSON from the CME services API (trading-hours-by-product, product ES only). Source type: API. Times CT in the JSON, +1h to ET. Events on 2027-11-25: 12:00 preopen, 17:00 open."
2027-11-26,early_halt,13:15,,"https://web.archive.org/web/20260913074738/https://www.cmegroup.com/services/trading-hours-by-product?id=316,133,425,300,58,437,22,8478,5201,10191&pageNumber=1&pageSize=999&sortAsc=true&fromEventDate=2027-11-24&toEventDate=2027-11-26&isProtected&_t=1789285657343","CME trading-hours-by-product API, ES (E-mini S&P 500), 2027-11-24..2027-11-26","JSON from the CME services API (trading-hours-by-product, product ES only). Source type: API. Times CT in the JSON, +1h to ET. Events on 2027-11-26: 12:15 closed. Next open not stated in the fetched window; reopen left blank."
2027-12-24,closed,,,"https://web.archive.org/web/20260913074738/https://www.cmegroup.com/services/trading-hours-by-product?id=316,133,425,300,58,437,22,8478,5201,10191&pageNumber=1&pageSize=999&sortAsc=true&fromEventDate=2027-12-22&toEventDate=2027-12-24&isProtected&_t=1789285657344","CME trading-hours-by-product API, ES (E-mini S&P 500), 2027-12-22..2027-12-24","JSON from the CME services API (trading-hours-by-product, product ES only). Source type: API. Times CT in the JSON, +1h to ET. No ES events returned for 2027-12-24 while neighbouring weekdays in the same response are populated: closed INFERRED (no explicit closed statement); reopen not in window. WEAK."
